"node","louvain","infomap","fast_greedy","leading_eigen","walktrap","consensus_louvain"
"ASV2",1,1,8,1,7,1
"ASV61",1,2,8,5,13,1
"ASV66",2,3,7,4,6,2
"ASV69",3,4,2,6,3,3
"ASV422",4,5,7,4,6,2
"ASV481",3,6,2,7,3,3
"ASV495",1,7,8,1,7,1
"ASV637",5,8,5,8,9,4
"ASV710",5,9,2,8,9,4
"ASV745",4,5,7,4,6,2
"ASV752",4,10,8,1,7,2
"ASV769",5,11,2,8,9,4
"ASV773",3,12,2,3,3,3
"ASV782",1,1,8,1,7,1
"ASV839",6,13,5,7,3,5
"ASV843",7,14,6,6,16,6
"ASV863",5,12,5,7,3,4
"ASV986",2,15,7,4,6,2
"ASV1005",4,15,7,4,6,2
"ASV1035",8,16,11,2,5,7
"ASV1070",3,14,6,6,16,3
"ASV1093",3,4,2,6,3,3
"ASV1101",3,4,2,7,3,3
"ASV1114",3,4,2,6,3,3
"ASV1164",6,17,5,4,6,5
"ASV1212",6,18,5,7,13,5
"ASV1261",1,1,8,1,7,1
"ASV1330",1,19,8,5,13,1
"ASV1354",4,20,5,4,6,2
"ASV1399",4,5,7,4,6,2
"ASV1432",1,2,8,5,13,1
"ASV1457",5,21,2,8,3,4
"ASV1486",6,13,8,5,7,1
"ASV1500",5,9,2,6,3,3
"ASV1645",6,18,5,7,13,5
"ASV1649",1,1,8,1,7,1
"ASV1653",3,12,2,3,3,3
"ASV1729",5,8,2,8,9,4
"ASV1783",1,1,8,1,7,1
"ASV1833",1,1,8,5,7,1
"ASV1885",1,1,8,1,7,1
"ASV1892",1,1,8,1,7,1
"ASV2016",5,9,2,8,9,4
"ASV2187",1,19,8,5,13,1
"ASV2192",6,18,5,7,13,5
"ASV2321",5,4,5,8,3,4
"ASV2394",4,5,7,4,6,2
"ASV2432",9,22,10,6,19,8
"ASV2529",4,15,7,4,6,2
"ASV2544",1,19,8,5,13,1
"ASV2610",1,1,8,1,7,1
"ASV2646",5,9,2,8,9,4
"ASV2661",1,19,8,5,7,1
"ASV2690",1,19,8,5,7,1
"ASV2779",2,3,7,4,6,2
"ASV2785",1,1,8,1,7,1
"ASV2902",2,3,7,4,6,2
"ASV2950",6,13,5,7,13,5
"ASV2996",6,19,8,5,13,1
"ASV3123",6,13,5,4,6,5
"ASV3242",5,9,2,8,9,4
"ASV3359",4,7,8,1,7,2
"ASV3430",5,21,2,8,3,4
"ASV3451",5,9,2,8,9,4
"ASV3480",6,18,5,7,13,5
"ASV3520",3,12,2,6,3,3
"ASV3527",6,13,5,7,13,5
"ASV3578",6,15,5,4,6,2
"ASV3596",3,4,2,6,3,3
"ASV3599",6,13,5,7,13,5
"ASV3601",2,15,7,4,6,2
"ASV3666",5,21,2,8,3,4
"ASV3667",5,11,2,8,9,4
"ASV3726",3,12,2,3,3,3
"ASV3827",1,1,8,1,7,1
"ASV3911",1,6,5,4,13,1
"ASV4000",4,17,5,4,6,2
"ASV4027",4,19,8,5,13,2
"ASV4094",1,1,8,1,7,1
"ASV4146",5,11,2,8,9,4
"ASV4158",1,6,7,4,13,1
"ASV4172",3,4,2,6,3,3
"ASV4182",5,11,2,8,9,4
"ASV4187",2,15,7,4,6,2
"ASV4195",4,15,7,4,6,2
"ASV4257",5,9,2,8,9,4
"ASV4438",1,1,8,1,7,1
"ASV4445",6,13,5,5,13,5
"ASV4466",4,15,7,4,6,2
"ASV4595",5,9,2,8,9,4
"ASV4689",3,12,2,7,3,3
"ASV4742",4,10,8,1,7,2
"ASV4814",4,5,7,4,6,2
"ASV4851",3,23,2,7,13,3
"ASV4913",4,10,8,5,13,2
"ASV4919",3,4,2,6,3,3
"ASV5049",1,1,8,1,7,1
"ASV5066",1,24,8,5,7,1
"ASV5160",4,5,7,4,6,2
"ASV5190",2,3,7,4,6,2
"ASV5289",6,13,5,4,13,5
"ASV5321",4,5,7,1,6,2
"ASV5341",6,13,8,5,13,5
"ASV5536",3,4,2,6,3,3
"ASV5586",1,1,8,1,7,1
"ASV5605",10,25,2,3,3,9
"ASV5635",10,13,5,3,13,5
"ASV5650",3,12,2,6,3,3
"ASV5670",1,1,8,1,7,1
"ASV5689",4,15,7,4,6,2
"ASV5778",10,25,2,3,3,9
"ASV5829",1,1,8,1,7,1
"ASV5854",6,13,8,5,13,5
"ASV5880",5,26,5,7,3,4
"ASV5894",4,13,5,4,6,5
"ASV5904",6,15,5,4,6,2
"ASV5909",3,4,2,6,3,3
"ASV5918",5,11,2,8,9,4
"ASV6048",5,8,5,7,9,4
"ASV6137",5,21,5,7,9,4
"ASV6138",1,7,8,1,7,1
"ASV6176",3,12,2,7,3,3
"ASV6201",3,12,2,6,3,3
"ASV6235",3,14,2,7,3,3
"ASV6332",3,4,2,6,3,3
"ASV6353",6,15,5,4,6,2
"ASV6406",1,1,8,1,7,1
"ASV6430",6,13,5,5,13,5
"ASV6557",10,27,1,7,8,9
"ASV6568",5,11,2,8,9,4
"ASV6639",1,1,8,3,7,1
"ASV6772",3,4,2,6,3,3
"ASV6910",1,1,8,1,7,1
"ASV6930",1,19,8,5,13,1
"ASV6951",2,28,7,3,6,2
"ASV6976",1,1,8,1,7,1
"ASV7006",3,12,2,6,3,3
"ASV7014",5,9,2,8,9,4
"ASV7030",5,21,2,8,3,4
"ASV7059",6,29,5,5,13,5
"ASV7069",1,1,8,1,7,1
"ASV7116",3,12,2,6,3,3
"ASV7148",5,11,2,8,9,4
"ASV7275",3,12,2,6,3,4
"ASV7281",6,12,5,7,13,5
"ASV7352",5,9,2,8,9,4
"ASV7452",1,20,8,1,7,1
"ASV7472",6,13,5,4,13,5
"ASV7486",3,30,2,7,3,3
"ASV7512",4,15,7,4,6,2
"ASV7538",5,9,2,8,9,4
"ASV7623",1,2,8,5,13,1
"ASV7690",1,19,8,5,13,1
"ASV7837",5,21,2,8,3,4
"ASV7840",5,11,2,8,9,4
"ASV7855",4,5,8,5,13,2
"ASV7970",1,1,8,1,13,1
"ASV8034",1,7,8,8,7,1
"ASV8055",5,4,2,8,3,4
"ASV8063",1,7,8,1,7,1
"ASV8157",4,5,7,4,6,2
"ASV8210",4,19,5,5,6,5
"ASV8377",3,12,2,6,3,3
"ASV8389",6,13,5,7,13,5
"ASV8402",10,25,1,3,32,9
"ASV8417",6,13,5,4,13,5
"ASV8429",3,12,5,7,3,3
"ASV8577",3,31,2,6,12,3
"ASV8629",1,1,8,1,7,1
"ASV8639",1,28,7,3,6,1
"ASV8696",2,15,7,4,6,2
"ASV8850",3,4,2,6,3,3
"ASV8851",6,18,5,7,13,5
"ASV8879",6,32,5,7,13,5
"ASV9037",3,4,2,6,3,3
"ASV9101",2,15,7,4,6,2
"ASV9151",3,9,2,6,3,3
"ASV9277",3,23,4,7,13,10
"ASV9400",4,15,7,4,6,2
"ASV9414",6,18,5,7,13,5
"ASV9422",6,32,5,1,13,5
"ASV9463",6,18,5,7,13,5
"ASV9472",6,18,5,7,13,5
"ASV9475",2,3,7,4,6,2
"ASV9570",3,12,2,6,3,3
"ASV9614",1,24,8,1,7,1
"ASV9722",6,13,5,7,13,5
"ASV9729",2,15,7,4,6,2
"ASV9764",6,18,5,7,13,5
"ASV9774",4,19,8,5,6,2
"ASV9793",3,33,2,6,3,3
"ASV9832",1,34,8,5,13,1
"ASV9942",1,1,8,1,7,1
"ASV9979",4,5,5,4,6,2
"ASV10054",6,18,5,7,13,5
"ASV10072",2,15,7,4,6,2
"ASV10080",2,3,7,4,6,2
"ASV10088",1,1,8,1,7,1
"ASV10114",4,5,7,4,6,2
"ASV10163",1,19,8,5,13,1
"ASV10188",4,5,8,5,6,2
"ASV10211",3,12,2,3,3,3
"ASV10258",4,15,7,4,6,2
"ASV10265",3,12,2,6,3,3
"ASV10314",6,18,5,7,13,5
"ASV10323",4,15,7,4,6,2
"ASV10340",3,30,2,7,3,3
"ASV10416",3,4,2,6,3,3
"ASV10445",4,20,7,4,6,2
"ASV10447",3,31,2,6,12,3
"ASV10453",1,1,8,1,7,1
"ASV10488",3,35,2,6,3,3
"ASV10557",6,19,5,5,13,1
"ASV10620",4,5,7,4,6,2
"ASV10625",3,4,2,6,3,3
"ASV10649",4,15,7,4,6,2
"ASV10674",3,30,2,7,3,3
"ASV10681",1,1,8,1,7,1
"ASV10767",1,2,8,5,13,5
"ASV10776",5,9,2,8,9,4
"ASV10796",1,19,8,5,13,1
"ASV10829",3,4,2,6,3,3
"ASV10839",2,3,7,4,6,2
"ASV10899",4,10,8,1,13,2
"ASV10915",1,19,8,5,7,1
"ASV10952",1,1,8,1,7,1
"ASV10999",10,25,2,3,32,9
"ASV11001",1,19,8,5,7,1
"ASV11029",1,7,8,8,7,1
"ASV11055",6,18,5,7,13,5
"ASV11071",1,1,8,1,7,1
"ASV11072",1,1,8,1,7,1
"ASV11077",6,18,5,7,13,5
"ASV11130",1,19,8,1,13,1
"ASV11141",1,5,8,1,7,1
"ASV11157",4,5,7,4,6,2
"ASV11197",4,15,5,5,6,2
"ASV11245",3,12,2,6,3,3
"ASV11357",1,7,8,1,7,1
"ASV11441",1,7,8,1,7,1
"ASV11459",3,4,2,6,3,3
"ASV11464",3,30,2,7,3,3
"ASV11523",4,15,7,4,6,2
"ASV11539",3,12,2,6,3,3
"ASV11588",5,8,5,8,9,4
"ASV11619",3,12,2,3,3,3
"ASV11641",3,4,2,3,3,3
"ASV11681",3,13,5,5,13,5
"ASV11699",6,13,5,4,13,5
"ASV11721",2,15,5,4,6,2
"ASV11728",3,4,2,6,3,3
"ASV11776",4,15,7,4,6,2
"ASV11780",1,1,8,1,7,1
"ASV11784",4,15,7,4,6,2
"ASV11863",5,11,2,8,9,4
"ASV11911",5,11,2,8,9,4
"ASV11979",1,2,8,5,13,1
"ASV12043",6,23,4,3,13,10
"ASV12048",3,12,2,6,3,3
"ASV12056",5,9,2,8,9,4
"ASV12091",3,12,5,7,3,3
"ASV12115",1,10,8,1,7,2
"ASV12125",1,1,8,1,7,1
"ASV12163",9,22,10,7,10,8
"ASV12182",4,15,7,4,6,2
"ASV12260",5,21,2,8,3,4
"ASV12323",4,5,7,4,6,2
"ASV12414",2,15,7,4,6,2
"ASV12485",2,3,7,4,6,2
"ASV12487",3,18,2,3,13,5
"ASV12519",2,3,7,4,6,2
"ASV12589",6,15,5,4,6,2
"ASV12625",3,12,2,7,3,3
"ASV12646",4,5,7,4,6,2
"ASV12725",3,12,2,6,3,3
"ASV12743",3,4,2,6,3,3
"ASV12815",1,29,8,5,13,5
"ASV12898",3,12,5,7,3,4
"ASV12900",1,2,8,1,7,1
"ASV12926",3,4,2,6,3,3
"ASV12953",6,18,5,3,13,5
"ASV13019",3,36,10,6,30,3
"ASV13105",5,11,2,8,9,4
"ASV13153",1,1,8,1,7,1
"ASV13235",1,1,8,1,7,1
"ASV13263",5,9,2,8,9,4
"ASV13298",4,15,7,4,6,2
"ASV13406",2,3,7,4,6,2
"ASV13445",3,4,2,6,3,3
"ASV13570",3,33,2,6,2,3
"ASV13583",4,15,7,4,6,2
"ASV13650",3,12,2,6,3,3
"ASV13697",3,12,2,6,3,3
"ASV13796",5,11,2,8,9,4
"ASV13905",2,3,7,4,6,2
"ASV13939",2,3,5,4,6,2
"ASV14022",1,20,8,5,13,5
"ASV14067",2,3,7,4,6,2
"ASV14107",1,24,8,1,7,1
"ASV14134",2,3,7,4,6,2
"ASV14145",2,3,7,4,6,2
"ASV14151",5,12,2,8,3,4
"ASV14156",6,2,5,3,13,5
"ASV14174",1,7,5,1,7,1
"ASV14184",2,15,7,4,6,2
"ASV14192",1,1,8,1,7,1
"ASV14251",2,3,7,4,6,2
"ASV14332",5,8,2,8,9,4
"ASV14432",6,18,5,7,3,5
"ASV14449",1,19,8,5,13,1
"ASV14540",1,1,8,1,7,1
"ASV14582",4,15,7,4,6,2
"ASV14651",5,9,2,8,9,4
"ASV14705",1,1,8,1,7,1
"ASV14812",4,15,7,4,6,2
"ASV14817",2,3,7,4,6,2
"ASV14871",5,21,2,8,3,4
"ASV14957",1,1,8,1,7,1
"ASV14982",2,3,7,4,6,2
"ASV15013",3,4,2,6,3,3
"ASV15027",3,30,2,7,3,3
"ASV15125",3,4,2,6,3,3
"ASV15160",4,15,7,4,6,2
"ASV15177",10,12,2,3,3,9
"ASV15246",3,4,2,6,3,3
"ASV15342",6,13,5,7,13,5
"ASV15459",5,13,5,7,13,5
"ASV15488",6,29,5,5,13,5
"ASV15525",8,16,11,2,31,7
"ASV15562",4,15,7,4,6,2
"ASV15662",11,37,4,7,24,10
"ASV15751",3,4,2,6,3,3
"ASV15756",2,15,7,4,6,2
"ASV15786",3,4,2,7,3,3
"ASV15808",2,15,7,4,6,2
"ASV15832",2,7,7,4,6,1
"ASV15862",1,1,8,1,7,1
"ASV15868",10,38,1,3,3,9
"ASV15900",3,12,5,7,3,3
"ASV15944",1,1,8,1,7,1
"ASV15945",2,39,1,7,3,2
"ASV15981",9,22,10,7,10,8
"ASV16381",1,7,8,1,7,1
"ASV16425",3,12,2,6,3,3
"ASV16486",2,3,7,4,6,2
"ASV16499",4,10,8,1,6,2
"ASV16532",5,21,2,8,3,4
"ASV16614",6,13,5,5,13,5
"ASV16632",1,1,8,1,7,1
"ASV16741",1,1,8,1,7,1
"ASV16891",6,18,5,7,13,5
"ASV16899",4,17,5,4,6,2
"ASV16905",3,12,2,6,3,3
"ASV16921",7,40,6,7,4,6
"ASV16926",1,41,8,5,7,1
"ASV16955",6,13,8,5,7,5
"ASV16956",3,4,2,7,3,3
"ASV16976",1,19,8,5,13,1
"ASV17037",6,13,5,5,13,5
"ASV17079",1,1,8,1,7,1
"ASV17156",1,1,8,1,7,1
"ASV17161",6,13,5,4,13,5
"ASV17197",4,17,5,4,13,5
"ASV17217",2,3,7,4,6,2
"ASV17246",1,42,8,1,13,1
"ASV17318",5,21,2,8,3,4
"ASV17400",6,13,5,5,13,5
"ASV17515",4,15,7,3,6,2
"ASV17534",4,15,7,4,6,2
"ASV17551",4,15,7,4,6,2
"ASV17552",1,13,8,5,7,5
"ASV17555",1,1,8,1,7,1
"ASV17665",4,5,7,4,6,2
"ASV17710",6,29,5,7,3,5
"ASV17751",3,4,2,6,3,3
"ASV17783",3,43,1,3,3,9
"ASV17797",1,7,8,1,13,1
"ASV17863",11,44,4,7,25,10
"ASV18004",6,13,5,4,13,5
"ASV18042",2,3,7,4,6,2
"ASV18093",3,4,2,6,3,3
"ASV18097",3,4,2,6,3,3
"ASV18237",3,4,2,6,3,3
"ASV18262",11,37,4,6,24,10
"ASV18297",3,4,2,6,3,3
"ASV18303",4,10,8,4,6,2
"ASV18312",2,3,7,4,6,2
"ASV18465",2,3,7,4,6,2
"ASV18473",4,5,7,4,6,2
"ASV18504",6,18,5,7,13,5
"ASV18506",3,12,2,7,3,3
"ASV18596",6,18,5,7,13,5
"ASV18637",4,5,7,4,6,2
"ASV18677",4,5,7,4,6,2
"ASV18769",5,9,2,8,9,4
"ASV18835",5,21,2,8,9,4
"ASV18866",5,9,2,8,9,4
"ASV18887",3,4,2,6,3,3
"ASV18973",3,4,2,6,3,3
"ASV19018",6,18,5,7,13,5
"ASV19055",6,19,5,3,13,5
"ASV19089",3,4,2,6,3,3
"ASV19103",1,1,8,1,7,1
"ASV19105",4,5,7,4,6,2
"ASV19144",6,13,5,4,13,5
"ASV19145",3,12,2,6,3,3
"ASV19147",5,21,2,8,3,4
"ASV19260",5,11,2,8,9,4
"ASV19264",3,4,2,6,3,3
"ASV19294",3,45,9,7,1,3
"ASV19369",5,9,2,8,9,4
"ASV19471",3,12,2,7,3,3
"ASV19512",1,19,8,5,13,1
"ASV19558",3,12,2,7,3,3
"ASV19692",1,19,8,1,13,2
"ASV19735",3,12,2,7,3,3
"ASV19753",6,13,5,7,13,5
"ASV19844",3,4,2,6,3,3
"ASV20053",5,12,2,6,9,3
"ASV20070",6,13,5,5,13,5
"ASV20138",1,7,8,1,7,1
"ASV20174",10,25,2,3,3,3
"ASV20232",6,13,5,4,6,5
"ASV20288",4,5,8,4,6,2
"ASV20292",1,1,8,5,7,1
"ASV20301",4,19,8,5,6,1
"ASV20302",6,19,5,5,13,5
"ASV20324",5,11,2,8,9,4
"ASV20364",5,9,2,8,3,4
"ASV20430",5,26,5,8,3,4
"ASV20432",6,18,5,7,13,5
"ASV20443",6,15,5,4,13,5
"ASV20491",1,1,8,1,7,1
"ASV20526",6,4,2,7,3,3
"ASV20530",6,18,5,7,13,5
"ASV20562",4,15,8,1,13,1
"ASV20583",1,1,8,1,7,1
"ASV20719",3,4,2,3,3,3
"ASV20725",5,9,2,8,9,4
"ASV20745",4,10,8,1,7,2
"ASV20812",3,31,2,6,12,3
"ASV20820",4,5,7,4,6,2
"ASV20846",11,37,4,7,15,10
"ASV20855",3,4,2,6,3,3
"ASV20952",4,5,7,4,6,2
"ASV21053",6,46,5,5,13,5
"ASV21056",1,1,8,1,7,1
"ASV21066",1,1,8,1,13,1
"ASV21079",1,7,8,1,7,1
"ASV21131",4,10,8,1,7,2
"ASV21239",4,15,5,4,6,2
"ASV21314",6,18,5,7,13,5
"ASV21353",4,5,7,4,6,2
"ASV21398",2,3,7,4,6,2
"ASV21441",3,43,5,7,3,3
"ASV21445",1,1,8,1,7,1
"ASV21470",1,1,8,1,7,1
"ASV21496",1,1,8,5,7,1
"ASV21582",3,12,2,3,3,3
"ASV21592",2,3,7,4,6,2
"ASV21608",1,29,8,5,13,1
"ASV21689",3,12,2,7,3,3
"ASV21726",3,4,2,6,3,3
"ASV21738",3,4,2,6,3,3
"ASV21771",1,10,8,1,7,2
"ASV21854",3,12,2,6,3,4
"ASV21941",10,19,8,3,13,1
"ASV21981",2,3,7,4,6,2
"ASV22048",4,15,7,4,6,2
"ASV22057",2,3,7,4,6,2
"ASV22075",1,2,8,5,13,1
"ASV22079",4,5,7,4,6,2
"ASV22123",4,5,7,4,6,2
"ASV22152",3,4,2,6,3,3
"ASV22278",3,4,2,6,3,3
"ASV22330",5,21,2,8,3,4
"ASV22345",1,19,8,5,13,1
"ASV22395",5,26,5,8,3,4
"ASV22417",7,40,6,7,4,6
"ASV22454",5,21,2,8,3,4
"ASV22504",4,17,5,4,6,2
"ASV22567",1,7,8,1,7,1
"ASV22578",5,8,5,8,9,4
"ASV22581",2,3,7,4,6,2
"ASV22617",2,3,7,8,6,4
"ASV22665",12,47,3,7,22,11
"ASV22677",2,3,7,4,6,2
"ASV22755",5,11,2,8,9,4
"ASV22927",5,11,2,8,9,4
"ASV22930",1,1,8,1,7,1
"ASV22953",4,5,7,4,6,2
"ASV23105",1,1,8,5,7,1
"ASV23127",2,3,7,4,6,2
"ASV23144",11,44,4,7,25,10
"ASV23146",3,4,2,6,3,3
"ASV23156",4,5,7,4,6,2
"ASV23175",5,21,2,8,3,4
"ASV23178",4,5,7,4,6,2
"ASV23187",4,5,7,1,6,2
"ASV23337",5,11,2,8,3,4
"ASV23464",3,21,2,7,3,4
"ASV23507",2,3,7,4,6,2
"ASV23509",4,5,7,4,6,2
"ASV23534",6,18,5,7,13,5
"ASV23550",1,1,8,1,7,1
"ASV23613",6,15,5,4,13,2
"ASV23618",3,12,2,6,3,3
"ASV23655",1,1,8,1,7,1
"ASV23673",1,1,8,1,7,1
"ASV23701",4,5,7,4,6,2
"ASV23778",1,1,8,1,7,1
"ASV23792",1,2,8,5,13,1
"ASV23796",1,1,8,1,7,1
"ASV23816",6,13,8,5,13,5
"ASV23835",3,4,2,6,3,3
"ASV23887",1,1,8,1,7,1
"ASV23921",5,9,2,8,3,3
"ASV24135",3,12,2,6,3,4
"ASV24136",4,15,7,4,6,2
"ASV24150",1,19,8,5,7,1
"ASV24167",3,12,2,6,3,3
"ASV24172",6,13,5,5,13,5
"ASV24192",1,1,8,1,7,1
"ASV24212",1,1,8,1,7,1
"ASV24351",4,15,7,4,6,2
"ASV24435",6,13,5,5,13,5
"ASV24524",1,2,8,5,7,1
"ASV24527",4,15,7,4,6,2
"ASV24574",3,4,2,6,3,3
"ASV24582",4,28,7,4,6,2
"ASV24615",6,13,5,7,13,5
"ASV24636",3,4,2,6,3,3
"ASV24664",3,31,2,6,12,3
"ASV24706",3,4,2,6,3,3
"ASV24806",5,8,5,1,9,4
"ASV24826",1,1,8,1,7,1
"ASV24869",6,13,5,5,13,5
"ASV24882",1,1,8,1,7,1
"ASV24926",3,48,2,7,26,3
"ASV24947",6,13,5,5,13,5
"ASV24959",1,2,8,1,7,1
"ASV24993",1,1,8,1,7,1
"ASV25033",5,21,2,8,3,4
"ASV25160",4,5,7,4,6,2
"ASV25244",1,19,8,5,13,1
"ASV25266",3,12,2,7,3,3
"ASV25427",1,1,8,1,7,1
"ASV25445",5,26,5,8,3,3
"ASV25542",1,1,8,1,7,1
"ASV25576",10,31,1,3,12,9
"ASV25601",4,10,8,1,7,2
"ASV25645",1,1,8,1,7,1
"ASV25658",1,1,8,1,7,1
"ASV25683",10,25,2,3,3,9
"ASV25753",3,4,2,6,3,3
"ASV25763",3,4,2,6,3,3
"ASV25791",6,18,5,7,13,5
"ASV25828",4,15,7,4,6,2
"ASV25845",8,16,11,2,5,7
"ASV25848",1,7,8,1,7,1
"ASV25950",2,3,7,4,6,2
"ASV25990",1,1,8,1,7,1
"ASV26008",5,21,2,8,3,4
"ASV26043",3,31,2,6,12,3
"ASV26060",4,5,5,4,6,2
"ASV26141",4,15,7,4,6,2
"ASV26171",6,13,5,4,13,5
"ASV26201",5,9,2,8,9,4
"ASV26296",9,22,10,7,10,8
"ASV26302",2,3,7,4,6,2
"ASV26364",4,2,5,5,13,5
"ASV26379",2,15,7,4,6,2
"ASV26414",3,12,2,7,3,3
"ASV26468",5,9,2,8,9,4
"ASV26548",3,12,2,6,3,4
"ASV26557",6,13,5,4,6,5
"ASV26567",1,7,8,1,7,1
"ASV26698",1,1,8,1,7,1
"ASV26719",6,18,5,5,13,5
"ASV26768",3,12,2,6,3,3
"ASV26827",2,3,7,4,6,2
"ASV26869",1,1,8,1,7,1
"ASV26899",3,12,2,7,3,3
"ASV26929",6,49,5,7,3,5
"ASV26958",6,13,5,7,13,5
"ASV27019",4,15,7,4,6,2
"ASV27023",5,9,2,8,9,4
"ASV27027",1,2,8,5,13,1
"ASV27060",5,13,5,7,13,5
"ASV27061",1,1,8,1,7,1
"ASV27072",3,4,2,6,3,3
"ASV27112",4,15,7,4,6,2
"ASV27122",3,12,2,6,3,3
"ASV27141",6,26,5,7,3,5
"ASV27222",3,4,2,6,3,3
"ASV27231",4,5,7,4,6,2
"ASV27246",4,5,7,4,6,2
"ASV27292",4,20,8,1,6,2
"ASV27340",3,4,2,6,3,3
"ASV27383",1,19,8,5,13,1
"ASV27401",4,5,7,4,6,2
"ASV27427",4,20,8,5,6,2
"ASV27430",1,1,8,1,7,1
"ASV27482",6,32,5,7,13,5
"ASV27582",6,12,5,7,3,3
"ASV27611",3,4,2,6,3,3
"ASV27621",12,47,3,7,23,11
"ASV27627",5,9,2,6,3,3
"ASV27653",4,10,8,1,7,2
"ASV27710",1,19,8,5,13,1
"ASV27711",3,4,2,6,3,3
"ASV27748",6,13,5,4,6,5
"ASV27766",3,12,2,6,3,3
"ASV27773",4,10,8,1,7,2
"ASV27783",4,19,7,3,6,2
"ASV27862",5,11,2,8,9,4
"ASV27953",5,19,2,7,3,3
"ASV28007",3,23,4,7,13,3
"ASV28026",6,15,5,4,13,2
"ASV28029",4,5,7,1,6,2
"ASV28079",3,30,2,7,3,3
"ASV28126",4,5,7,1,6,2
"ASV28166",1,1,8,1,7,1
"ASV28204",1,39,8,1,3,1
"ASV28224",1,1,8,5,7,1
"ASV28308",1,1,8,1,7,1
"ASV28311",4,15,5,5,6,2
"ASV28338",1,1,8,1,7,1
"ASV28365",3,47,3,7,11,3
"ASV28385",1,1,8,5,7,1
"ASV28537",6,13,8,5,13,5
"ASV28538",2,3,2,6,6,2
"ASV28540",5,21,2,8,3,4
"ASV28597",1,1,8,1,7,1
"ASV28693",3,30,2,7,3,3
"ASV28798",3,4,2,6,3,3
"ASV28810",1,1,8,5,7,1
"ASV28866",3,4,2,6,3,3
"ASV28876",6,13,5,4,6,5
"ASV28880",12,31,3,6,2,11
"ASV28934",4,5,7,4,6,2
"ASV28955",2,3,7,4,6,2
"ASV28957",4,15,7,4,6,2
"ASV28979",4,23,7,4,13,2
"ASV29111",3,4,2,6,3,3
"ASV29166",5,9,2,8,9,4
"ASV29180",6,46,5,3,13,5
"ASV29185",3,30,5,7,3,3
"ASV29202",4,15,7,4,6,2
"ASV29263",1,1,8,1,7,1
"ASV29314",4,5,7,4,6,2
"ASV29428",6,18,5,5,13,5
"ASV29436",3,4,2,7,3,3
"ASV29467",1,1,8,1,7,1
"ASV29597",3,12,2,7,3,3
"ASV29613",3,12,5,7,13,3
"ASV29736",1,1,8,1,7,1
"ASV29806",1,19,8,5,13,1
"ASV29850",3,4,2,6,3,3
"ASV29860",4,15,7,4,6,2
"ASV29870",3,12,2,6,3,3
"ASV29926",3,12,2,6,3,3
"ASV29991",1,10,8,1,7,1
"ASV29994",4,5,5,5,6,2
"ASV30251",3,4,2,6,3,3
"ASV30253",1,19,8,5,7,1
"ASV30419",6,15,5,4,6,5
"ASV30573",3,50,2,6,3,3
"ASV30591",5,9,5,8,3,4
"ASV30723",4,10,8,1,7,2
"ASV30740",6,18,5,7,13,5
"ASV30787",3,51,2,6,14,3
"ASV30855",5,9,2,6,3,3
"ASV30874",4,15,7,4,6,2
"ASV30929",5,9,2,8,9,4
"ASV31092",1,2,8,5,13,1
"ASV31111",3,4,2,6,3,3
"ASV31191",5,9,2,6,3,3
"ASV31223",1,1,8,1,7,1
"ASV31320",4,15,8,1,7,2
"ASV31322",3,30,5,7,3,3
"ASV31342",6,13,8,5,13,5
"ASV31375",2,3,5,3,6,2
"ASV31386",1,1,8,1,7,1
"ASV31412",4,15,7,4,6,2
"ASV31419",6,18,5,7,3,5
"ASV31545",2,15,7,4,6,2
"ASV31558",6,13,8,5,13,5
"ASV31633",2,4,7,4,6,2
"ASV31650",5,9,2,8,3,4
"ASV31664",6,18,5,5,13,5
"ASV31665",4,5,7,4,6,2
"ASV31705",6,26,5,4,13,5
"ASV31729",10,27,1,7,8,9
"ASV31746",1,7,8,1,7,1
"ASV31817",3,4,2,6,3,3
"ASV31849",6,26,5,4,13,5
"ASV31860",6,13,5,5,13,5
"ASV31895",6,18,5,7,13,5
"ASV31948",3,12,2,6,3,3
"ASV32078",6,18,5,7,13,5
"ASV32139",3,12,2,6,3,3
"ASV32163",1,7,8,1,7,1
"ASV32194",4,15,7,4,6,2
"ASV32197",1,7,8,1,7,1
"ASV32334",5,11,2,6,3,4
"ASV32376",1,10,8,1,7,2
"ASV32417",1,1,8,1,7,1
"ASV32633",5,21,5,7,9,4
"ASV32725",2,3,7,4,6,2
"ASV32767",1,1,8,1,7,1
"ASV32789",4,5,7,4,6,2
"ASV32867",3,31,2,6,12,3
"ASV32873",1,1,8,1,7,1
"ASV32875",12,47,3,7,23,11
"ASV32898",6,29,8,5,13,5
"ASV32953",3,4,2,6,3,3
"ASV32954",1,7,8,1,7,1
"ASV32980",6,13,8,5,13,5
"ASV33130",1,1,8,1,7,1
"ASV33169",4,5,7,4,6,2
"ASV33179",2,28,5,4,6,2
"ASV33219",2,3,7,4,6,2
"ASV33263",6,13,5,4,6,5
"ASV33330",3,4,2,6,3,3
"ASV33335",3,12,2,6,3,3
"ASV33350",4,5,7,4,6,2
"ASV33407",1,10,8,1,7,1
"ASV33430",3,12,2,6,3,3
"ASV33469",4,15,5,4,6,2
"ASV33503",7,40,6,6,18,6
"ASV33571",3,4,2,6,3,3
"ASV33610",2,3,7,4,6,2
"ASV33669",4,10,8,1,7,2
"ASV33674",5,21,2,8,9,4
"ASV33743",3,12,2,6,3,3
"ASV33744",4,5,7,4,6,2
"ASV33852",6,13,8,5,13,5
"ASV33864",6,13,5,5,13,5
"ASV33874",1,1,8,1,7,1
"ASV33935",3,12,2,3,3,3
"ASV33970",5,21,2,8,3,4
"ASV33997",4,5,5,4,6,2
"ASV34024",3,4,2,6,3,3
"ASV34041",1,41,8,5,7,1
"ASV34087",6,26,5,7,13,5
"ASV34115",2,3,7,4,6,2
"ASV34163",6,52,5,7,13,5
"ASV34188",1,19,8,5,13,1
"ASV34210",3,30,2,7,3,3
"ASV34218",4,15,7,4,6,2
"ASV34247",4,5,7,4,6,2
"ASV34248",1,2,8,1,7,1
"ASV34267",3,30,2,7,3,3
"ASV34293",5,21,5,7,9,4
"ASV34306",4,15,7,4,6,2
"ASV34319",5,21,2,8,3,4
"ASV34334",4,15,7,3,6,2
"ASV34343",1,10,8,1,7,1
"ASV34438",1,6,8,1,13,1
"ASV34502",4,10,8,1,7,2
"ASV34552",2,3,7,4,6,2
"ASV34567",5,4,2,6,3,3
"ASV34588",1,19,8,5,13,1
"ASV34631",4,15,7,4,6,2
"ASV34647",1,1,8,1,7,1
"ASV34769",6,18,5,5,13,5
"ASV34831",2,15,7,4,6,2
"ASV34845",5,9,2,8,9,4
"ASV34877",3,12,2,3,3,3
"ASV34927",1,1,8,1,7,1
"ASV34960",4,10,8,1,7,2
"ASV34993",1,5,8,1,7,1
"ASV35049",6,18,5,7,13,5
"ASV35051",4,15,5,4,6,2
"ASV35054",7,40,6,7,4,6
"ASV35061",1,1,8,5,13,1
"ASV35160",1,1,8,1,7,1
"ASV35239",4,15,7,4,6,2
"ASV35303",5,9,2,8,9,4
"ASV35332",4,28,7,4,6,2
"ASV35408",8,16,11,2,20,7
"ASV35539",3,30,2,3,3,3
"ASV35564",6,17,5,4,6,2
"ASV35574",2,15,7,4,6,2
"ASV35623",1,1,8,5,7,1
"ASV35630",5,11,2,6,9,4
"ASV35672",5,8,2,8,9,4
"ASV35766",5,9,2,8,9,4
"ASV35768",2,5,7,4,6,2
"ASV35918",6,46,5,3,13,5
"ASV35927",1,1,8,1,13,1
"ASV36052",2,3,5,4,6,2
"ASV36056",5,21,2,8,9,4
"ASV36122",3,12,2,6,3,3
"ASV36180",3,4,2,6,3,3
"ASV36198",5,9,2,6,3,3
"ASV36204",1,19,8,5,13,1
"ASV36261",3,12,2,6,3,3
"ASV36270",3,4,2,6,3,3
"ASV36358",5,21,2,8,3,4
"ASV36360",6,13,5,7,3,5
"ASV36386",3,51,2,6,14,3
"ASV36499",1,7,8,1,7,1
"ASV36505",3,4,2,6,3,3
"ASV36544",6,13,5,4,13,5
"ASV36638",3,30,2,7,3,3
"ASV36672",6,49,5,7,3,5
"ASV36696",2,3,7,4,6,2
"ASV36777",1,1,8,1,7,1
"ASV36785",1,7,8,1,7,1
"ASV36808",6,13,5,5,13,5
"ASV36819",3,4,2,6,3,3
"ASV36852",1,7,8,1,7,1
"ASV36953",3,4,2,7,3,3
"ASV36958",3,12,2,6,3,3
"ASV37065",1,24,8,1,7,1
"ASV37154",1,1,8,1,7,1
"ASV37226",10,31,1,3,12,9
"ASV37237",6,18,5,7,13,5
"ASV37276",3,4,2,6,3,3
"ASV37306",1,1,8,1,7,1
"ASV37395",2,3,7,4,6,2
"ASV37405",3,12,2,6,3,3
"ASV37465",2,15,7,4,6,2
"ASV37500",4,15,7,4,6,2
"ASV37660",1,19,8,5,7,1
"ASV37698",2,19,7,4,6,2
"ASV37715",3,12,2,6,3,3
"ASV37741",4,5,5,1,6,2
"ASV37762",3,4,2,6,3,3
"ASV37782",1,1,8,1,7,1
"ASV37842",3,12,5,7,3,4
"ASV37895",3,12,2,7,3,3
"ASV37899",3,12,2,7,3,3
"ASV37911",1,19,8,5,7,1
"ASV37984",6,13,5,7,13,5
"ASV37989",3,12,2,7,3,3
"ASV38066",3,4,2,6,3,3
"ASV38070",1,1,8,1,7,1
"ASV38080",1,24,8,1,7,1
"ASV38082",2,3,7,4,6,2
"ASV38098",6,19,8,5,13,5
"ASV38133",4,15,7,4,6,2
"ASV38181",7,40,6,7,4,6
"ASV38219",1,7,8,1,7,1
"ASV38403",3,4,2,6,3,3
"ASV38407",5,9,2,8,9,4
"ASV38414",6,13,5,4,13,5
"ASV38473",6,17,5,4,13,5
"ASV38477",4,10,8,1,7,2
"ASV38516",1,1,8,1,7,1
"ASV38523",3,31,2,6,12,3
"ASV38555",4,15,7,4,6,2
"ASV38582",1,1,8,1,7,1
"ASV38689",1,1,8,1,7,1
"ASV38758",2,3,5,4,6,2
"ASV38774",2,3,7,4,6,2
"ASV38819",5,9,2,8,9,4
"ASV38878",2,15,5,4,6,2
"ASV38909",3,4,5,3,3,3
"ASV38972",1,1,8,5,7,1
"ASV38991",1,1,8,1,7,1
"ASV39001",4,17,5,4,6,2
"ASV39021",6,18,5,7,13,5
"ASV39046",4,15,7,4,6,2
"ASV39076",6,13,5,7,13,5
"ASV39085",2,3,7,4,6,2
"ASV39102",6,13,5,7,13,5
"ASV39159",3,50,2,6,3,3
"ASV39264",4,5,7,4,6,2
"ASV39287",5,21,5,7,9,4
"ASV39464",1,1,8,1,7,1
"ASV39542",3,12,2,6,3,3
"ASV39585",1,1,8,1,7,1
"ASV39648",6,13,5,5,13,5
"ASV39655",2,3,7,4,6,2
"ASV39718",3,4,2,7,3,3
"ASV39746",6,26,5,7,3,5
"ASV39799",1,19,2,5,13,1
"ASV39805",3,30,2,7,3,3
"ASV39813",3,4,2,6,3,3
"ASV39816",3,4,2,7,3,3
"ASV39907",9,36,10,6,21,8
"ASV39924",2,28,7,4,6,2
"ASV39938",3,4,2,6,3,3
"ASV39945",4,5,7,4,6,2
"ASV39966",1,24,8,5,7,5
"ASV39993",3,12,2,6,3,3
"ASV40042",4,5,7,4,6,2
"ASV40135",5,8,2,8,9,4
"ASV40142",5,9,2,8,9,4
"ASV40157",4,5,7,4,6,2
"ASV40254",2,3,7,4,6,2
"ASV40330",3,4,2,6,3,3
"ASV40447",4,17,5,4,6,2
"ASV40449",3,12,2,6,3,3
"ASV40450",3,4,2,6,3,3
"ASV40455",1,1,8,1,7,1
"ASV40474",4,10,8,1,7,2
"ASV40503",1,1,8,1,7,1
"ASV40556",9,22,10,6,19,8
"ASV40575",1,19,8,1,13,1
"ASV40609",1,1,8,1,7,1
"ASV40633",3,51,2,6,14,3
"ASV40656",1,2,8,5,13,1
"ASV40686",5,4,2,8,3,3
"ASV40698",1,1,8,1,7,1
"ASV40733",3,4,2,6,3,3
"ASV40754",6,28,5,4,6,5
"ASV40774",1,1,8,1,7,1
"ASV40792",6,53,5,5,13,5
"ASV40883",2,15,7,4,6,2
"ASV40930",1,1,8,1,7,1
"ASV40941",10,38,1,3,3,9
"ASV41030",3,4,2,6,3,3
"ASV41059",3,12,2,3,3,3
"ASV41071",1,24,8,1,7,1
"ASV41082",4,5,8,1,6,2
"ASV41099",3,50,2,6,3,3
"ASV41111",6,19,5,5,13,5
"ASV41130",1,1,8,1,7,1
"ASV41140",10,52,1,3,13,9
"ASV41167",6,29,5,5,13,5
"ASV41204",4,15,7,4,6,2
"ASV41217",2,39,1,3,3,2
"ASV41250",4,15,7,4,13,2
"ASV41322",5,11,2,6,3,3
"ASV41356",1,7,8,1,7,1
"ASV41359",4,15,5,5,13,2
"ASV41447",6,13,5,7,13,5
"ASV41453",2,3,7,4,6,2
"ASV41475",1,1,8,1,13,1
"ASV41481",6,23,5,7,13,5
"ASV41549",4,15,7,4,6,2
"ASV41571",6,49,5,3,13,5
"ASV41587",6,18,5,7,3,5
"ASV41661",6,13,5,5,13,5
"ASV41666",3,4,2,6,3,3
"ASV41707",3,4,2,6,3,3
"ASV41790",1,42,8,3,13,1
"ASV41865",2,5,7,4,6,2
"ASV41872",4,5,7,4,6,2
"ASV41898",3,4,2,6,3,3
"ASV41988",4,15,7,4,6,2
"ASV42145",5,9,2,8,9,4
"ASV42180",6,13,8,5,13,5
"ASV42243",2,15,7,4,6,2
"ASV42282",3,4,2,6,3,3
"ASV42304",1,1,8,1,13,1
"ASV42331",6,18,5,7,13,5
"ASV42335",4,15,7,4,6,2
"ASV42381",6,13,5,7,13,5
"ASV42435",2,3,7,4,6,2
"ASV42442",3,4,2,6,3,3
"ASV42479",1,1,8,1,7,1
"ASV42489",1,1,8,1,13,1
"ASV42493",1,1,8,1,7,1
"ASV42560",3,4,2,6,3,3
"ASV42570",4,5,7,4,6,2
"ASV42644",5,9,2,8,9,4
"ASV42658",1,29,8,5,13,5
"ASV42689",1,7,8,1,7,1
"ASV42734",3,4,2,6,6,2
"ASV42738",3,4,2,6,3,3
"ASV42811",3,12,2,7,3,3
"ASV42873",1,24,8,1,7,1
"ASV42891",2,3,7,4,6,2
"ASV42930",3,4,2,6,3,3
"ASV42931",6,13,5,5,13,5
"ASV43051",1,7,8,1,7,1
"ASV43107",3,4,2,6,3,3
"ASV43130",5,11,2,8,9,4
"ASV43201",2,3,7,4,6,2
"ASV43211",3,12,5,7,3,3
"ASV43214",4,15,7,4,6,2
"ASV43358",5,21,2,8,3,4
"ASV43389",2,3,5,4,6,2
"ASV43412",1,1,8,1,7,1
"ASV43428",1,1,8,1,7,1
"ASV43458",5,21,2,8,3,4
"ASV43524",4,15,7,3,6,2
"ASV43562",5,9,2,8,3,3
"ASV43611",3,4,2,6,3,3
"ASV43633",3,4,2,6,3,3
"ASV43647",4,5,7,4,6,2
"ASV43691",1,1,8,1,7,1
"ASV43698",1,1,8,1,13,1
"ASV43783",5,12,2,8,3,4
"ASV43813",4,15,7,4,6,2
"ASV43865",4,5,7,4,6,2
"ASV43901",3,12,2,3,3,3
"ASV43933",5,8,5,8,9,4
"ASV43968",6,26,5,7,13,5
"ASV44001",6,26,5,7,13,5
"ASV44008",5,13,5,7,13,5
"ASV44031",3,12,5,7,3,3
"ASV44047",4,5,7,4,6,2
"ASV44048",3,12,2,7,3,3
"ASV44142",5,11,2,8,9,4
"ASV44251",6,18,5,7,13,5
"ASV44258",5,9,2,8,9,4
"ASV44318",3,12,2,7,3,3
"ASV44417",6,13,8,5,13,5
"ASV44460",1,7,8,5,13,1
"ASV44475",10,25,8,3,32,9
"ASV44493",4,5,7,4,6,2
"ASV44529",1,19,8,1,13,2
"ASV44531",4,13,5,5,6,2
"ASV44584",5,9,2,8,3,3
"ASV44616",5,8,2,8,9,4
"ASV44652",6,17,5,4,13,5
"ASV44680",1,24,8,1,7,1
"ASV44686",3,4,2,7,3,3
"ASV44703",1,1,8,1,7,1
"ASV44742",4,24,7,4,6,2
"ASV44859",3,4,2,6,3,3
"ASV44985",3,4,2,3,3,3
"ASV45024",5,4,2,8,3,4
"ASV45047",1,1,8,1,7,1
"ASV45177",3,12,2,7,3,3
"ASV45187",4,10,8,3,7,2
"ASV45211",5,11,2,8,9,4
"ASV45212",1,19,8,5,13,1
"ASV45263",1,1,8,1,7,1
"ASV45301",1,1,8,1,7,1
"ASV45407",1,1,8,5,7,1
"ASV45414",4,15,7,4,6,2
"ASV45494",5,9,2,8,9,4
"ASV45571",5,9,2,8,3,4
"ASV45644",3,12,2,6,3,3
"ASV45691",1,1,8,1,7,1
"ASV45717",1,19,8,5,13,1
"ASV45771",5,9,2,8,9,4
"ASV45787",6,13,5,5,13,5
"ASV45788",4,15,5,4,6,2
"ASV45870",3,31,2,7,3,3
"ASV45890",5,9,2,8,3,4
"ASV45914",4,15,7,4,6,2
"ASV46019",1,7,8,1,7,1
"ASV46053",4,5,7,4,6,2
"ASV46067",4,5,7,4,6,2
"ASV46068",4,10,8,1,7,2
"ASV46208",1,1,8,1,7,1
"ASV46223",6,18,5,4,13,5
"ASV46229",3,4,2,3,3,3
"ASV46258",6,19,5,5,13,1
"ASV46303",5,8,5,8,9,4
"ASV46514",4,15,8,1,6,2
"ASV46544",1,2,8,5,13,1
"ASV46558",4,20,8,1,6,2
"ASV46740",6,29,5,5,13,5
"ASV46762",4,15,7,4,6,2
"ASV46798",4,5,7,4,6,2
"ASV46831",1,1,8,1,7,1
"ASV46889",5,4,2,6,3,3
"ASV46931",6,13,5,5,13,5
"ASV46932",4,5,7,4,6,2
"ASV47062",4,5,7,4,6,2
"ASV47065",2,3,7,4,6,2
"ASV47073",6,13,5,8,3,5
"ASV47100",6,18,5,7,13,5
"ASV47104",6,18,5,7,13,5
"ASV47176",1,19,8,5,7,1
"ASV47284",3,4,2,6,3,3
"ASV47289",2,3,5,4,6,2
"ASV47437",6,13,5,5,13,5
"ASV47487",1,19,8,5,13,1
"ASV47489",5,8,5,1,9,4
"ASV47524",1,7,8,1,7,1
"ASV47526",4,15,7,4,6,2
"ASV47585",1,1,8,1,7,1
"ASV47593",5,9,2,8,9,4
"ASV47677",4,5,7,4,6,2
"ASV47758",4,5,7,4,6,2
"ASV47820",1,1,8,1,7,1
"ASV47832",6,13,5,4,13,5
"ASV48074",6,26,5,7,13,5
"ASV48138",4,17,5,4,6,2
"ASV48141",1,1,8,1,7,1
"ASV48143",1,1,8,1,7,1
"ASV48165",6,26,5,4,13,5
"ASV48169",4,13,5,5,6,5
"ASV48241",6,13,5,7,13,5
"ASV48282",6,18,5,7,13,5
"ASV48319",4,10,8,1,13,2
"ASV48345",5,9,2,8,9,4
"ASV48361",2,3,7,4,6,2
"ASV48494",3,4,2,6,3,3
"ASV48557",5,21,2,8,3,4
"ASV48569",1,1,8,1,7,1
"ASV48607",2,3,7,4,6,2
"ASV48634",2,15,7,4,6,2
"ASV48690",1,1,8,5,13,1
"ASV48738",1,19,8,5,13,5
"ASV48747",3,12,2,6,3,3
"ASV48757",4,10,8,1,7,2
"ASV48768",6,13,5,4,13,5
"ASV48817",2,3,7,4,6,2
"ASV48837",4,5,7,4,6,2
"ASV48873",6,13,5,4,13,5
"ASV48900",1,7,8,1,7,1
"ASV48905",4,5,7,4,6,2
"ASV48946",4,15,7,4,6,2
"ASV48987",4,5,7,4,6,2
"ASV49019",4,15,7,4,6,2
"ASV49047",5,12,5,7,3,4
"ASV49057",6,18,5,7,13,5
"ASV49064",1,10,8,1,6,2
"ASV49209",2,15,7,4,6,2
"ASV49258",6,18,5,4,13,5
"ASV49321",11,44,4,7,25,10
"ASV49526",1,19,8,5,13,1
"ASV49529",5,9,2,8,3,4
"ASV49548",4,5,5,4,6,2
"ASV49585",4,15,7,4,6,2
"ASV49635",1,1,8,1,7,1
"ASV49643",1,5,8,1,7,2
"ASV49658",4,5,7,4,6,2
"ASV49671",5,9,2,8,9,4
"ASV49676",6,18,5,7,13,5
"ASV49727",4,5,7,4,6,2
"ASV49801",1,7,8,1,7,1
"ASV49901",1,1,8,1,7,1
"ASV49944",4,15,7,4,6,2
"ASV50013",2,3,7,4,6,2
"ASV50062",6,18,5,3,13,5
"ASV50096",11,37,4,7,29,10
"ASV50098",6,18,5,5,13,5
"ASV50142",6,13,5,5,13,5
"ASV50249",5,9,2,8,9,4
"ASV50316",10,25,1,3,32,9
"ASV50327",1,1,8,1,7,1
"ASV50398",1,10,8,1,7,2
"ASV50399",5,29,5,5,13,5
"ASV50442",3,4,2,6,3,3
"ASV50496",2,15,7,4,6,2
"ASV50512",4,5,7,4,6,2
"ASV50513",4,15,7,4,6,2
"ASV50515",6,19,5,5,13,5
"ASV50521",5,8,5,8,9,4
"ASV50567",1,1,8,1,7,1
"ASV50597",8,16,11,2,5,7
"ASV50664",5,9,2,8,3,4
"ASV50680",2,3,7,4,6,2
"ASV50716",2,3,7,4,6,2
"ASV50732",3,12,2,7,3,3
"ASV50852",6,13,8,5,13,5
"ASV50897",4,10,8,1,7,2
"ASV50932",6,19,5,5,13,5
"ASV50945",11,37,4,7,15,10
"ASV51021",6,18,5,7,13,5
"ASV51053",6,18,5,7,13,5
"ASV51076",5,8,2,8,9,4
"ASV51122",6,13,5,5,13,5
"ASV51137",3,12,2,3,3,3
"ASV51173",1,1,8,1,7,1
"ASV51179",4,15,5,4,6,2
"ASV51187",6,18,5,7,13,5
"ASV51274",5,9,2,8,9,4
"ASV51298",6,18,5,7,13,5
"ASV51343",1,24,8,1,7,1
"ASV51377",1,1,8,1,7,1
"ASV51501",1,19,8,5,7,1
"ASV51543",4,5,7,4,6,2
"ASV51650",5,21,2,8,3,4
"ASV51666",3,30,2,7,3,3
"ASV51719",6,29,5,7,13,5
"ASV51761",6,46,5,7,13,5
"ASV51813",6,43,5,7,13,5
"ASV51901",2,3,7,4,6,2
"ASV51969",2,15,7,4,6,2
"ASV52072",6,26,5,7,13,5
"ASV52158",5,9,2,8,9,4
"ASV52229",5,9,2,8,9,4
"ASV52269",1,1,8,1,7,1
"ASV52324",3,12,2,6,3,3
"ASV52622",3,30,2,7,3,3
"ASV52635",4,5,5,4,6,2
"ASV52636",6,42,5,4,13,5
"ASV52642",6,13,5,4,3,5
"ASV52657",3,12,2,7,3,3
"ASV52683",2,28,7,4,6,2
"ASV52721",5,8,2,8,9,4
"ASV52790",2,3,7,4,6,2
"ASV53001",4,10,8,3,7,2
"ASV53034",6,26,5,4,13,5
"ASV53077",1,1,8,1,13,1
"ASV53157",3,12,2,7,3,3
"ASV53248",5,12,2,6,3,4
"ASV53324",1,1,8,1,7,1
"ASV53602",4,3,7,4,6,2
"ASV53607",6,13,5,4,13,5
"ASV53642",1,1,8,1,7,1
"ASV53679",2,3,7,4,6,2
"ASV53696",5,9,2,8,9,4
"ASV53790",6,18,5,7,13,5
"ASV53795",6,18,5,7,13,5
"ASV53818",1,1,8,1,7,1
"ASV53836",5,9,2,8,9,4
"ASV53982",2,3,7,4,6,2
"ASV53987",4,5,7,4,6,2
"ASV53989",4,5,7,4,6,2
"ASV54023",1,1,8,1,7,1
"ASV54076",5,9,2,8,3,4
"ASV54092",3,4,2,6,3,3
"ASV54146",5,11,2,8,3,4
"ASV54188",5,11,2,8,3,4
"ASV54199",3,34,2,3,3,3
"ASV54202",2,15,7,4,6,2
"ASV54288",3,30,2,7,3,3
"ASV54295",1,10,8,1,7,2
"ASV54312",4,10,8,1,7,2
"ASV54326",4,15,7,3,6,2
"ASV54343",2,5,7,1,6,2
"ASV54373",6,13,5,5,13,5
"ASV54472",5,9,2,8,9,4
"ASV54605",5,9,2,8,9,4
"ASV54644",1,19,8,5,7,1
"ASV54653",5,21,2,8,9,4
"ASV54657",2,15,7,4,6,2
"ASV54680",4,5,7,4,6,2
"ASV54686",5,9,2,8,3,3
"ASV54695",2,3,5,4,6,2
"ASV54858",5,21,2,8,3,4
"ASV54887",1,1,8,1,7,1
"ASV54895",1,2,8,5,13,1
"ASV54917",5,11,2,8,9,4
"ASV54925",5,21,2,8,3,4
"ASV54937",5,9,2,8,9,4
"ASV55004",2,3,7,4,6,2
"ASV55096",2,15,7,4,6,2
"ASV55144",6,18,5,7,13,5
"ASV55186",6,18,5,7,13,5
"ASV55187",3,4,2,7,3,3
"ASV55269",1,19,8,5,13,1
"ASV55457",1,24,8,1,7,1
"ASV55466",6,29,5,7,13,5
"ASV55537",5,21,2,8,3,4
"ASV55549",3,12,2,7,3,3
"ASV55612",5,21,2,8,3,4
"ASV55615",3,9,2,6,3,3
"ASV55712",1,24,8,1,7,1
"ASV55751",4,15,5,4,6,2
"ASV55761",6,13,8,5,7,1
"ASV55796",5,9,2,8,9,4
"ASV55810",3,12,2,6,3,3
"ASV55824",5,21,2,1,3,4
"ASV55839",6,13,5,4,13,5
"ASV55880",5,11,2,8,9,4
"ASV55886",1,2,8,5,13,1
"ASV55889",2,3,2,8,6,2
"ASV55894",4,5,7,4,6,2
"ASV55972",4,15,7,4,6,2
"ASV56107",1,1,8,1,7,1
"ASV56151",5,21,2,6,3,4
"ASV56157",4,15,7,4,6,2
"ASV56166",1,19,8,5,13,1
"ASV56187",1,1,8,1,7,1
"ASV56212",6,18,5,7,13,5
"ASV56264",1,1,8,1,7,1
"ASV56344",4,5,7,4,6,2
"ASV56349",3,30,2,7,3,3
"ASV56474",1,19,8,5,13,1
"ASV56479",6,49,5,7,33,5
"ASV56492",1,24,8,1,7,1
"ASV56500",4,5,7,4,6,2
"ASV56563",1,10,8,1,7,2
"ASV56638",1,2,8,1,13,1
"ASV56703",1,1,8,1,7,1
"ASV56729",4,5,7,4,6,2
"ASV56739",5,9,2,8,9,4
"ASV56772",1,7,8,5,13,1
"ASV56804",3,4,2,6,3,3
"ASV57115",6,2,5,4,13,5
"ASV57119",1,1,8,1,7,1
"ASV57227",6,13,5,5,13,5
"ASV57239",2,42,7,3,13,2
"ASV57446",3,4,2,6,3,3
"ASV57464",5,11,2,8,3,4
"ASV57467",5,9,2,8,9,4
"ASV57502",4,5,5,4,6,2
"ASV57511",1,29,8,5,13,5
"ASV57525",1,10,8,1,7,2
"ASV57528",4,15,7,4,6,2
"ASV57895",5,11,2,8,9,4
"ASV57896",3,30,5,7,13,3
"ASV57988",5,9,2,8,9,4
"ASV58007",6,13,5,7,13,5
"ASV58017",6,18,5,7,13,5
"ASV58078",1,1,8,1,7,1
"ASV58134",1,2,8,5,13,1
"ASV58213",1,19,8,1,7,1
"ASV58234",3,12,2,4,3,3
"ASV58295",1,20,8,5,13,1
"ASV58342",2,15,5,4,6,2
"ASV58412",1,19,8,1,7,1
"ASV58413",5,8,2,8,9,4
"ASV58438",1,1,8,5,7,1
"ASV58457",4,5,7,4,6,2
"ASV58486",6,18,5,7,13,5
"ASV58529",3,30,2,7,3,3
"ASV58561",2,15,7,4,6,2
"ASV58618",5,9,2,8,9,4
"ASV58627",5,9,5,7,3,4
"ASV58699",4,5,5,4,6,2
"ASV58710",6,29,5,5,13,5
"ASV58727",1,1,8,1,7,1
"ASV58903",3,30,2,7,3,3
"ASV58931",4,5,7,4,6,2
"ASV58973",6,13,5,5,13,5
"ASV59047",3,12,2,7,3,3
"ASV59102",4,15,5,5,6,2
"ASV59157",6,13,8,5,7,5
"ASV59289",1,1,8,1,7,1
"ASV59359",6,18,5,7,13,5
"ASV59406",4,3,7,4,6,2
"ASV59421",4,15,7,4,6,2
"ASV59478",6,18,5,7,13,5
"ASV59609",1,1,8,1,7,1
"ASV59642",6,18,5,7,13,5
"ASV59658",6,13,8,5,13,5
"ASV59660",6,13,5,5,13,5
"ASV59795",4,3,7,4,6,2
"ASV59868",6,26,5,7,13,5
"ASV59900",4,15,7,4,6,2
"ASV59980",5,8,5,7,3,4
"ASV60122",1,1,8,1,7,1
"ASV60375",2,3,7,4,6,2
"ASV60418",2,15,5,4,6,2
"ASV60497",1,1,8,1,7,1
"ASV60512",6,13,5,4,13,5
"ASV60575",3,4,2,6,3,3
"ASV60589",2,3,7,4,6,2
"ASV60620",4,10,8,1,7,2
"ASV60642",6,18,5,5,13,5
"ASV60745",1,1,8,1,7,1
"ASV60837",5,21,5,7,9,4
"ASV60904",1,24,8,1,7,1
"ASV60921",5,26,5,8,3,4
"ASV60951",1,1,8,1,7,1
"ASV61011",4,10,7,1,6,2
"ASV61061",4,15,7,4,6,2
"ASV61122",2,3,7,4,6,2
"ASV61127",6,26,5,4,13,5
"ASV61138",5,8,5,7,3,4
"ASV61181",10,25,2,3,32,9
"ASV61212",5,9,2,8,9,4
"ASV61285",4,10,8,1,7,2
"ASV61298",6,13,5,5,13,5
"ASV61311",2,3,7,4,6,2
"ASV61312",1,10,8,1,7,2
"ASV61339",4,15,7,4,6,2
"ASV61350",6,18,5,7,13,5
"ASV61380",1,19,8,1,7,1
"ASV61391",3,12,2,7,3,3
"ASV61399",4,15,7,4,6,2
"ASV61419",3,30,2,7,3,3
"ASV61469",5,21,2,8,9,4
"ASV61496",1,19,8,5,13,1
"ASV61544",6,29,8,5,13,5
"ASV61754",1,1,8,1,7,1
"ASV61901",4,5,7,4,6,2
"ASV61959",5,4,2,6,3,3
"ASV61968",6,13,5,5,13,5
"ASV62078",5,9,2,8,9,4
"ASV62165",5,9,2,8,9,4
"ASV62202",4,5,7,4,6,2
"ASV62294",3,12,2,7,3,3
"ASV62363",2,15,5,4,6,2
"ASV62372",3,4,2,6,3,3
"ASV62376",4,36,10,5,13,2
"ASV62386",3,12,2,6,3,3
"ASV62446",6,13,5,4,13,2
"ASV62542",3,4,2,6,3,3
"ASV62596",1,19,8,5,13,1
"ASV62613",1,1,8,1,7,1
"ASV62642",1,19,8,5,13,1
"ASV62648",4,15,5,4,6,2
"ASV62693",1,7,8,1,7,1
"ASV62929",6,19,5,5,13,1
"ASV63074",3,4,2,3,3,3
"ASV63108",6,26,5,7,13,5
"ASV63140",4,15,7,4,6,2
"ASV63168",6,18,5,7,13,5
"ASV63279",6,20,8,5,7,5
"ASV63297",5,9,2,8,9,4
"ASV63396",6,13,5,5,6,5
"ASV63417",2,3,5,4,6,2
"ASV63435",6,13,5,5,13,5
"ASV63563",6,15,5,4,6,5
"ASV63618",5,21,2,8,3,4
"ASV63625",1,1,8,1,7,1
"ASV63697",3,12,2,7,3,3
"ASV63748",1,24,8,1,7,1
"ASV63756",12,31,3,6,2,11
"ASV63772",5,11,2,8,9,4
"ASV63804",4,15,7,4,6,2
"ASV63830",1,1,8,1,7,1
"ASV63861",1,1,8,1,7,1
"ASV63920",1,1,8,1,7,1
"ASV63997",6,13,5,7,13,5
"ASV64049",2,39,1,4,3,2
"ASV64201",3,12,2,7,3,3
"ASV64292",4,5,7,4,6,2
"ASV64336",4,5,7,4,6,2
"ASV64362",4,7,8,1,7,2
"ASV64475",5,11,2,8,9,4
"ASV64627",6,13,5,7,13,5
"ASV64763",5,21,5,7,9,4
"ASV64764",5,8,5,8,9,4
"ASV64834",1,19,8,5,7,1
"ASV64862",6,13,5,7,13,5
"ASV64935",6,13,5,7,13,5
"ASV64954",6,32,5,7,13,5
"ASV65034",1,19,8,1,7,1
"ASV65054",3,4,2,6,3,3
"ASV65094",2,28,7,3,6,2
"ASV65140",4,24,7,4,7,2
"ASV65162",1,1,8,1,7,1
"ASV65240",4,15,7,4,6,2
"ASV65250",5,8,5,8,9,4
"ASV65261",5,9,2,8,9,4
"ASV65289",5,9,2,8,9,4
"ASV65332",4,10,7,4,6,2
"ASV65358",4,5,7,4,6,2
"ASV65421",5,9,2,8,9,4
"ASV65433",1,7,8,1,7,1
"ASV65439",6,18,5,7,13,5
"ASV65496",2,28,7,4,6,2
"ASV65684",4,15,7,4,6,2
"ASV65767",4,5,7,4,6,2
"ASV65770",1,1,8,1,7,1
"ASV65791",3,4,2,6,3,3
"ASV65815",3,35,2,6,3,3
"ASV65870",2,3,7,4,6,2
"ASV65980",4,15,5,4,6,2
"ASV65998",3,12,2,7,3,3
"ASV66009",5,26,5,8,3,4
"ASV66137",6,29,5,7,13,5
"ASV66175",4,15,7,4,6,2
"ASV66188",2,3,7,4,6,2
"ASV66201",4,5,7,4,6,2
"ASV66205",6,17,5,4,13,5
"ASV66264",2,3,7,4,6,2
"ASV66292",1,24,8,1,7,1
"ASV66365",6,2,5,7,13,5
"ASV66410",2,3,7,4,6,2
"ASV66476",4,15,7,4,6,2
"ASV66580",2,3,7,4,6,2
"ASV66584",2,3,7,4,6,2
"ASV66691",1,7,8,5,13,1
"ASV66829",1,1,8,1,7,1
"ASV66931",4,10,8,1,7,2
"ASV67024",6,26,5,8,3,3
"ASV67043",4,5,5,4,6,2
"ASV67136",4,15,7,4,6,2
"ASV67148",1,1,8,1,7,1
"ASV67259",6,19,8,5,13,1
"ASV67272",5,4,5,7,3,3
"ASV67363",3,4,2,6,3,3
"ASV67412",5,11,2,8,9,4
"ASV67453",3,19,8,5,3,1
"ASV67472",2,3,7,4,6,2
"ASV67479",6,26,5,4,13,5
"ASV67519",1,1,8,1,7,1
"ASV67527",1,1,8,1,7,1
"ASV67746",2,3,7,4,6,2
"ASV67748",3,12,2,7,3,3
"ASV67765",9,22,10,6,19,8
"ASV67829",6,18,5,7,13,5
"ASV67876",3,12,2,7,3,3
"ASV67917",4,5,7,4,6,2
"ASV67931",1,24,8,1,7,1
"ASV67964",4,5,7,1,6,2
"ASV67975",6,18,5,7,13,5
"ASV68008",1,1,8,1,7,1
"ASV68016",3,4,2,6,3,3
"ASV68072",1,10,8,1,7,1
"ASV68085",5,11,2,8,9,4
"ASV68089",4,15,7,4,6,2
"ASV68117",3,4,2,6,3,3
"ASV68126",3,4,2,7,3,3
"ASV68162",5,9,2,8,9,4
"ASV68168",1,24,8,1,7,1
"ASV68174",1,10,8,1,7,1
"ASV68210",3,12,2,6,3,3
"ASV68264",1,7,8,1,7,1
"ASV68284",3,30,5,7,3,3
"ASV68335",6,19,5,5,13,5
"ASV68384",1,1,8,1,13,1
"ASV68406",6,13,5,4,13,5
"ASV68476",6,18,5,7,13,5
"ASV68505",2,3,7,4,6,2
"ASV68553",6,18,5,7,13,5
"ASV68580",1,1,8,1,7,1
"ASV68686",5,21,2,8,3,4
"ASV68798",5,9,2,8,9,4
"ASV68815",1,15,8,1,13,1
"ASV68816",6,13,5,4,13,5
"ASV69007",1,7,8,1,7,1
"ASV69025",4,15,7,4,6,2
"ASV69037",6,13,5,4,13,5
"ASV69081",2,28,7,4,6,2
"ASV69135",6,26,5,7,3,5
"ASV69166",2,3,7,4,6,2
"ASV69173",5,8,2,8,9,4
"ASV69234",3,4,2,6,3,3
"ASV69297",1,1,8,1,7,1
"ASV69313",1,1,8,1,7,1
"ASV69378",3,4,2,6,3,3
"ASV69384",3,43,1,3,3,9
"ASV69419",6,18,5,7,3,5
"ASV69525",2,3,7,4,6,2
"ASV69590",1,1,8,1,7,1
"ASV69636",3,4,2,6,3,3
"ASV69683",1,19,8,5,13,1
"ASV69767",5,11,2,8,9,4
"ASV69778",3,12,2,6,3,3
"ASV69831",7,40,6,7,18,6
"ASV69934",5,9,2,8,9,4
"ASV69952",2,3,7,4,6,2
"ASV69970",4,5,7,4,6,2
"ASV69996",6,19,5,5,13,5
"ASV70068",3,12,2,6,3,3
"ASV70131",3,4,2,6,3,3
"ASV70188",1,18,8,5,13,1
"ASV70195",1,24,8,5,7,1
"ASV70282",3,12,2,3,3,3
"ASV70297",3,12,2,6,3,3
"ASV70305",1,1,8,1,7,1
"ASV70329",6,18,5,5,13,5
"ASV70350",1,1,8,1,13,2
"ASV70360",4,19,8,1,6,2
"ASV70440",1,7,8,1,7,1
"ASV70464",6,18,5,7,13,5
"ASV70502",5,4,2,8,3,4
"ASV70529",4,15,7,4,6,2
"ASV70537",8,16,11,2,5,7
"ASV70545",5,9,2,8,3,3
"ASV70583",1,1,8,1,7,1
"ASV70620",3,4,2,6,3,3
"ASV70627",6,52,1,5,13,5
"ASV70630",2,3,7,4,6,2
"ASV70636",6,18,5,7,13,5
"ASV70693",4,19,7,3,13,2
"ASV70714",1,19,8,5,13,1
"ASV70726",3,30,2,7,3,3
"ASV70770",5,21,2,8,3,4
"ASV70794",6,18,5,7,13,5
"ASV70833",6,17,8,5,13,5
"ASV70871",1,7,8,1,7,1
"ASV70879",3,4,2,6,3,3
"ASV70883",6,13,8,5,7,5
"ASV70887",1,19,8,5,13,1
"ASV70920",2,3,5,4,6,2
"ASV70965",11,37,4,7,29,10
"ASV71033",6,17,5,4,13,5
"ASV71108",1,1,8,1,7,1
"ASV71175",5,9,2,8,9,4
"ASV71197",6,15,5,5,13,2
"ASV71219",4,5,5,4,6,2
"ASV71249",3,36,10,6,30,3
"ASV71342",5,11,2,8,9,4
"ASV71386",4,10,8,1,7,2
"ASV71470",5,9,2,6,3,3
"ASV71512",3,50,2,6,35,3
"ASV71521",3,12,2,7,3,3
"ASV71536",5,4,2,6,3,3
"ASV71567",1,19,8,5,13,1
"ASV71576",4,5,7,4,6,2
"ASV71810",1,1,8,1,7,1
"ASV71912",1,29,8,5,13,5
"ASV71956",5,9,5,8,9,4
"ASV71967",3,4,2,6,3,3
"ASV72029",3,48,2,7,26,3
"ASV72039",4,5,7,4,6,2
"ASV72056",3,49,2,7,3,3
"ASV72073",6,18,5,7,13,5
"ASV72116",3,4,2,6,3,3
"ASV72145",5,21,5,7,9,4
"ASV72159",4,5,7,4,6,2
"ASV72170",2,28,7,3,6,2
"ASV72230",4,15,5,4,6,2
"ASV72371",4,10,8,1,7,2
"ASV72416",3,12,5,7,3,3
"ASV72513",3,4,2,6,6,2
"ASV72532",4,5,7,4,6,2
"ASV72730",1,7,8,1,7,1
"ASV72855",1,1,8,1,7,1
"ASV72869",3,4,2,6,3,3
"ASV73043",1,1,8,1,7,1
"ASV73062",5,9,2,8,3,4
"ASV73070",4,12,7,4,6,2
"ASV73108",2,3,7,4,6,2
"ASV73120",6,19,5,5,13,5
"ASV73178",1,1,8,1,7,1
"ASV73413",3,4,2,6,3,3
"ASV73415",5,11,2,8,3,4
"ASV73427",1,1,8,1,13,1
"ASV73452",3,12,2,7,3,3
"ASV73496",2,15,7,4,6,2
"ASV73585",5,9,2,8,9,4
"ASV73763",1,1,8,1,7,1
"ASV73764",5,9,2,8,9,4
"ASV73771",1,42,8,1,13,1
"ASV73781",6,49,5,7,33,5
"ASV73782",4,15,7,4,6,2
"ASV73785",4,15,7,4,6,2
"ASV73797",2,3,7,4,6,2
"ASV73839",1,1,8,1,7,1
"ASV73918",1,7,8,1,7,1
"ASV73972",4,20,8,5,6,2
"ASV73978",1,1,8,1,7,1
"ASV73989",3,54,2,6,3,3
"ASV74070",5,9,2,8,9,4
"ASV74077",1,1,8,1,7,1
"ASV74280",2,3,7,4,6,2
"ASV74357",1,1,8,1,7,1
"ASV74396",3,4,2,3,3,3
"ASV74493",1,1,8,1,13,1
"ASV74556",3,4,2,6,3,3
"ASV74578",3,12,2,6,3,3
"ASV74679",5,9,2,8,9,4
"ASV74716",1,19,8,5,13,1
"ASV74749",6,18,5,7,13,5
"ASV74815",6,49,5,7,3,5
"ASV74817",4,5,7,4,6,2
"ASV74856",4,10,8,1,7,2
"ASV74876",3,4,2,6,3,3
"ASV74935",3,4,2,6,3,3
"ASV74945",5,26,5,7,3,4
"ASV74954",1,1,8,1,7,1
"ASV75017",4,10,8,1,13,2
"ASV75033",5,12,2,8,3,4
"ASV75049",5,9,2,8,9,4
"ASV75165",5,8,5,8,9,4
"ASV75194",5,9,2,8,9,4
"ASV75308",3,40,2,6,18,3
"ASV75372",5,11,2,8,9,4
"ASV75380",1,7,8,1,7,1
"ASV75409",4,15,7,4,6,2
"ASV75417",1,7,8,1,7,1
"ASV75447",4,15,7,4,6,2
"ASV75535",4,10,8,1,7,2
"ASV75551",3,4,2,6,3,3
"ASV75567",1,19,8,5,13,1
"ASV75571",6,18,5,7,13,5
"ASV75576",2,28,2,6,6,2
"ASV75591",1,10,8,1,7,1
"ASV75653",5,9,2,8,9,4
"ASV75739",1,19,8,5,7,1
"ASV75812",5,4,2,8,3,3
"ASV75836",1,19,8,5,13,1
"ASV75863",5,9,2,8,3,4
"ASV75871",3,4,2,3,3,3
"ASV75899",8,16,11,2,20,7
"ASV75915",2,3,7,4,6,2
"ASV75961",3,4,2,6,3,3
"ASV76165",1,1,8,1,7,1
"ASV76214",1,1,8,1,7,1
"ASV76224",5,9,2,8,9,4
"ASV76251",5,9,2,8,9,4
"ASV76286",1,7,8,1,7,1
"ASV76311",4,5,7,4,6,2
"ASV76392",4,5,7,4,6,2
"ASV76432",3,4,2,6,3,3
"ASV76502",6,13,8,5,13,5
"ASV76509",1,1,8,1,13,1
"ASV76523",2,3,7,4,6,2
"ASV76634",1,1,8,1,7,1
"ASV76679",4,15,7,4,6,2
"ASV76680",1,7,8,1,7,1
"ASV76699",6,19,8,5,13,5
"ASV76793",4,5,7,4,6,2
"ASV76910",1,1,8,1,7,1
"ASV77032",6,13,5,5,13,5
"ASV77037",5,21,2,8,3,4
"ASV77141",4,15,5,4,6,2
"ASV77157",1,1,8,1,7,1
"ASV77207",5,9,2,8,3,3
"ASV77219",3,4,2,6,3,3
"ASV77259",6,13,5,7,3,5
"ASV77261",2,3,5,4,6,2
"ASV77480",1,1,8,1,7,1
"ASV77546",6,17,5,4,6,5
"ASV77550",2,3,5,4,6,2
"ASV77622",4,5,7,4,6,2
"ASV77663",1,1,8,1,7,1
"ASV77679",2,5,7,4,6,2
"ASV77714",3,4,2,6,3,3
"ASV77730",3,12,2,6,3,3
"ASV77818",7,40,6,7,4,6
"ASV77839",5,11,2,8,9,4
"ASV77874",3,4,2,6,3,3
"ASV78020",5,21,2,8,3,4
"ASV78033",1,1,8,1,7,1
"ASV78102",4,15,7,4,6,2
"ASV78158",6,18,5,7,13,5
"ASV78172",2,3,7,4,6,2
"ASV78240",3,4,2,3,3,3
"ASV78252",4,5,7,4,6,2
"ASV78326",1,19,5,5,13,1
"ASV78334",1,1,8,5,13,1
"ASV78369",6,18,5,7,13,5
"ASV78372",6,17,5,4,6,5
"ASV78402",10,25,2,3,3,9
"ASV78551",3,4,2,6,3,3
"ASV78645",5,4,2,8,3,3
"ASV78651",1,1,8,1,7,1
"ASV78901",6,18,5,5,13,5
"ASV78905",8,16,11,2,20,7
"ASV78963",6,18,5,7,13,5
"ASV78986",4,5,7,1,6,2
"ASV79108",5,9,2,8,9,4
"ASV79174",6,13,5,4,13,5
"ASV79177",6,18,5,7,13,5
"ASV79197",10,25,1,3,3,9
"ASV79214",6,29,5,5,13,5
"ASV79268",5,9,2,8,9,4
"ASV79352",4,19,8,1,13,2
"ASV79441",1,1,8,1,7,1
"ASV79497",5,11,2,8,9,4
"ASV79535",11,44,4,7,17,10
"ASV79547",6,52,5,5,13,5
"ASV79561",1,19,8,5,13,1
"ASV79596",5,11,2,8,9,4
"ASV79647",2,3,7,4,6,2
"ASV79731",4,10,8,1,7,2
"ASV79764",1,24,8,1,7,1
"ASV79772",1,1,8,1,7,1
"ASV79777",2,3,7,4,6,2
"ASV79790",1,1,8,1,7,1
"ASV79806",2,26,5,7,6,2
"ASV79819",5,9,2,8,3,4
"ASV79860",6,26,5,7,3,5
"ASV79869",4,5,7,4,6,2
"ASV79927",1,19,8,3,13,1
"ASV79993",10,25,2,3,3,9
"ASV80015",3,4,2,6,3,3
"ASV80025",1,1,8,1,7,1
"ASV80106",2,3,2,6,6,2
"ASV80145",2,3,5,4,6,2
"ASV80172",4,5,7,4,6,2
"ASV80180",4,5,7,1,6,2
"ASV80196",4,15,5,3,6,2
"ASV80206",5,11,2,8,9,4
"ASV80407",4,15,2,3,6,2
"ASV80423",3,4,2,6,3,3
"ASV80750",2,3,7,4,6,2
"ASV80784",5,21,5,8,9,4
"ASV80856",1,32,8,5,13,5
"ASV80868",3,50,2,6,3,3
"ASV80895",4,15,7,4,6,2
"ASV80910",1,1,8,1,7,1
"ASV80914",6,26,5,4,13,5
"ASV80920",3,4,2,6,3,3
"ASV80937",3,4,2,7,3,3
"ASV80978",2,3,7,4,6,2
"ASV81043",4,5,7,4,6,2
"ASV81048",1,2,8,5,13,1
"ASV81067",4,15,7,4,6,2
"ASV81092",1,24,8,1,7,1
"ASV81169",6,13,5,5,13,5
"ASV81192",2,15,7,4,6,2
"ASV81212",6,18,5,7,13,5
"ASV81222",1,19,8,5,13,1
"ASV81335",6,19,5,5,13,5
"ASV81366",5,8,2,8,9,4
"ASV81428",3,6,2,3,3,3
"ASV81455",3,4,2,6,3,3
"ASV81458",6,49,5,7,3,5
"ASV81488",2,3,7,4,6,2
"ASV81544",1,19,8,5,7,1
"ASV81545",4,20,8,5,6,5
"ASV81580",12,47,3,7,22,11
"ASV81644",2,3,7,4,6,2
"ASV81687",3,12,2,7,3,3
"ASV81750",1,1,8,1,7,1
"ASV81787",1,7,8,1,7,1
"ASV81822",3,50,2,7,3,3
"ASV81824",2,3,7,4,6,2
"ASV81880",4,15,7,4,6,2
"ASV82001",1,1,8,1,7,1
"ASV82044",3,4,2,6,3,3
"ASV82089",1,19,8,5,7,1
"ASV82183",6,19,5,5,13,5
"ASV82221",4,42,8,1,13,2
"ASV82223",2,3,5,4,6,2
"ASV82266",2,3,2,4,6,4
"ASV82357",1,7,8,1,7,1
"ASV82367",6,13,5,5,13,5
"ASV82465",3,4,2,6,3,3
"ASV82514",6,13,5,7,13,5
"ASV82637",4,5,7,4,6,2
"ASV82705",5,9,2,8,3,4
"ASV82715",6,26,5,7,3,5
"ASV82828",1,24,8,1,7,1
"ASV82829",5,11,2,8,9,4
"ASV82841",1,1,8,1,7,1
"ASV82941",6,12,5,7,3,5
"ASV83008",5,8,2,8,9,4
"ASV83038",4,15,5,4,6,2
"ASV83184",2,15,7,4,6,2
"ASV83219",2,3,7,4,6,2
"ASV83250",1,1,8,1,7,1
"ASV83287",4,5,7,4,6,2
"ASV83351",5,9,2,8,3,4
"ASV83395",5,9,2,8,3,4
"ASV83406",3,12,2,7,3,3
"ASV83440",3,4,2,3,3,3
"ASV83577",4,5,7,4,6,2
"ASV83666",3,4,2,6,3,3
"ASV83685",3,35,3,6,2,3
"ASV83805",3,4,2,6,3,3
"ASV83947",4,10,8,1,7,2
"ASV83949",5,9,2,8,9,4
"ASV83966",1,7,8,1,7,1
"ASV83968",6,18,5,7,13,5
"ASV83972",6,5,7,4,6,2
"ASV83996",5,11,2,8,3,4
"ASV84012",1,1,8,1,7,1
"ASV84038",4,10,8,1,6,2
"ASV84044",1,1,8,1,7,1
"ASV84111",10,25,1,3,32,9
"ASV84263",3,4,2,6,3,3
"ASV84285",1,18,8,5,13,5
"ASV84287",1,1,8,1,7,1
"ASV84321",6,18,5,7,13,5
"ASV84382",1,1,8,1,7,1
"ASV84438",4,5,7,4,6,2
"ASV84451",6,13,5,4,6,5
"ASV84491",1,1,8,1,7,1
"ASV84493",6,19,5,5,13,5
"ASV84540",1,42,8,1,13,1
"ASV84625",1,1,8,1,7,1
"ASV84652",2,3,7,4,6,2
"ASV84687",4,5,7,4,6,2
"ASV84711",1,19,8,5,13,1
"ASV84727",6,13,5,7,13,5
"ASV84729",5,9,2,8,9,4
"ASV84791",4,28,8,1,6,2
"ASV84866",1,19,8,5,7,1
"ASV84926",3,4,2,6,3,3
"ASV84928",4,20,5,5,6,5
"ASV84938",6,46,8,3,13,5
"ASV84992",1,7,8,1,7,1
"ASV85077",1,7,8,1,7,1
"ASV85100",6,13,5,5,13,5
"ASV85121",3,12,2,6,3,3
"ASV85198",3,45,9,7,1,3
"ASV85216",5,9,2,8,9,4
"ASV85342",1,19,8,5,7,1
"ASV85441",1,1,8,1,7,1
"ASV85472",4,10,8,1,7,2
"ASV85631",3,4,2,6,3,3
"ASV85656",1,1,8,1,7,1
"ASV85684",6,13,5,5,13,5
"ASV85836",4,15,7,4,6,2
"ASV85957",3,4,2,6,3,3
"ASV86026",5,9,5,8,3,4
"ASV86212",1,19,8,5,13,1
"ASV86258",5,9,2,8,9,4
"ASV86274",4,5,7,4,6,2
"ASV86287",6,18,5,7,13,5
"ASV86331",3,12,2,6,3,3
"ASV86404",3,4,2,6,3,3
"ASV86477",5,9,2,8,3,3
"ASV86531",5,4,2,8,3,3
"ASV86558",1,1,8,1,7,1
"ASV86564",6,49,5,7,3,5
"ASV86640",6,13,5,5,13,5
"ASV86647",6,13,5,7,13,5
"ASV86655",3,4,2,6,3,3
"ASV86711",1,1,8,1,7,1
"ASV86842",6,18,5,7,13,5
"ASV86859",6,13,5,4,13,5
"ASV86877",3,12,2,6,3,3
"ASV86940",1,1,8,1,7,1
"ASV86977",6,29,5,7,13,5
"ASV87146",1,15,8,1,7,1
"ASV87168",6,13,5,7,13,5
"ASV87180",1,7,8,5,13,1
"ASV87190",1,1,8,1,7,1
"ASV87265",6,26,5,7,3,5
"ASV87304",1,19,8,5,7,1
"ASV87316",3,53,7,4,13,2
"ASV87340",1,7,8,1,7,1
"ASV87394",2,15,7,4,6,2
"ASV87461",4,15,7,4,6,2
"ASV87720",2,3,7,4,6,2
"ASV87755",6,18,5,7,13,5
"ASV87817",5,8,5,7,9,4
"ASV87854",5,8,2,8,9,4
"ASV87956",1,42,8,1,13,1
"ASV88018",5,9,2,8,3,3
"ASV88057",6,18,5,3,13,5
"ASV88242",3,4,2,6,3,3
"ASV88246",11,37,4,7,29,10
"ASV88268",1,2,8,5,13,1
"ASV88280",2,3,7,4,6,2
"ASV88305",4,5,7,4,6,2
"ASV88428",5,9,2,8,3,4
"ASV88493",1,24,8,5,7,1
"ASV88548",4,15,7,4,6,2
"ASV88551",3,4,2,6,3,3
"ASV88580",6,49,5,7,3,5
"ASV88600",4,10,8,1,7,2
"ASV88641",3,12,2,7,3,3
"ASV88689",5,11,2,8,3,4
"ASV88794",5,21,2,8,3,4
"ASV88919",1,1,8,1,7,1
"ASV89017",3,12,2,6,3,3
"ASV89045",4,15,7,4,6,2
"ASV89111",6,18,5,7,13,5
"ASV89321",5,9,2,8,9,4
"ASV89387",1,1,8,1,7,1
"ASV89399",2,3,7,4,6,2
"ASV89440",1,19,8,5,13,1
"ASV89447",1,1,8,5,7,1
"ASV89520",2,15,7,4,6,2
"ASV89532",5,8,5,8,9,4
"ASV89577",1,17,8,5,13,1
"ASV89601",3,51,2,6,14,3
"ASV89650",1,1,8,1,7,1
"ASV89651",6,13,5,4,13,5
"ASV89658",6,18,5,7,13,5
"ASV89672",1,1,8,5,13,1
"ASV89694",8,16,11,2,31,7
"ASV89737",5,9,2,8,3,3
"ASV89835",6,13,5,4,6,5
"ASV89867",1,19,8,5,7,1
"ASV89918",6,18,5,7,13,5
"ASV89947",3,4,2,6,3,3
"ASV89948",6,13,5,4,13,5
"ASV90035",12,51,3,6,28,11
"ASV90111",6,52,5,7,13,5
"ASV90117",5,11,2,8,9,4
"ASV90155",5,9,2,8,9,4
"ASV90182",3,4,5,7,3,3
"ASV90187",1,1,8,1,7,1
"ASV90195",2,3,7,4,6,2
"ASV90205",6,13,5,5,13,5
"ASV90207",3,55,2,7,3,3
"ASV90277",4,19,7,5,13,2
"ASV90284",4,10,8,1,7,2
"ASV90295",1,1,8,1,7,1
"ASV90296",6,13,5,5,13,5
"ASV90449",3,12,2,7,3,3
"ASV90451",5,8,2,8,9,4
"ASV90529",1,1,8,1,7,1
"ASV90547",1,19,8,5,7,1
"ASV90563",3,12,2,6,3,3
"ASV90610",5,21,2,8,3,4
"ASV90638",5,9,2,8,9,4
"ASV90653",4,15,5,4,6,2
"ASV90706",5,8,2,8,9,4
"ASV90709",6,13,8,5,13,5
"ASV90757",1,1,8,1,7,1
"ASV90759",3,4,2,6,3,3
"ASV90810",3,12,2,6,3,3
"ASV90855",3,33,2,6,2,3
"ASV90900",4,5,7,4,6,2
"ASV91078",2,3,5,4,6,2
"ASV91094",5,21,2,8,3,4
"ASV91157",2,3,2,6,6,2
"ASV91217",1,34,8,5,13,5
"ASV91238",3,4,2,6,3,3
"ASV91243",3,4,2,6,3,3
"ASV91273",5,4,2,6,3,3
"ASV91274",3,12,5,7,3,4
"ASV91299",12,47,3,7,11,11
"ASV91308",4,5,7,4,6,2
"ASV91321",4,1,8,1,13,2
"ASV91349",3,4,2,6,3,3
"ASV91362",4,5,7,1,6,2
"ASV91367",6,32,5,7,13,5
"ASV91420",5,11,2,8,9,4
"ASV91422",1,1,8,1,7,1
"ASV91493",4,24,8,1,7,1
"ASV91554",2,28,7,4,6,2
"ASV91557",4,15,7,4,6,2
"ASV91611",3,4,2,6,3,3
"ASV91697",6,2,5,3,13,5
"ASV91777",1,1,8,1,7,1
"ASV91803",2,3,7,4,6,2
"ASV91860",4,15,7,4,6,2
"ASV91902",3,30,2,3,3,3
"ASV91956",1,1,8,1,7,1
"ASV91958",3,45,9,6,1,3
"ASV92061",3,12,2,7,3,3
"ASV92084",6,18,5,7,13,5
"ASV92097",4,19,8,1,6,2
"ASV92122",4,10,8,1,6,2
"ASV92164",1,19,8,1,13,1
"ASV92178",4,15,5,4,6,2
"ASV92219",6,13,5,5,13,5
"ASV92361",5,9,2,8,9,4
"ASV92366",1,2,8,5,13,1
"ASV92413",1,1,8,1,7,1
"ASV92484",5,9,2,8,3,4
"ASV92488",6,29,5,5,13,5
"ASV92490",3,4,2,6,3,3
"ASV92535",4,19,8,1,13,2
"ASV92547",5,8,5,1,9,4
"ASV92690",4,5,7,1,6,2
"ASV92710",4,10,8,1,7,2
"ASV92714",1,1,8,1,7,1
"ASV92783",3,12,2,6,3,3
"ASV92786",1,1,8,5,7,1
"ASV92907",1,19,8,5,13,1
"ASV92975",1,1,8,1,7,1
"ASV93007",1,1,8,1,7,1
"ASV93010",3,4,2,6,3,3
"ASV93054",4,5,7,4,6,2
"ASV93134",3,31,2,6,3,3
"ASV93149",1,29,8,5,13,5
"ASV93184",6,18,5,7,13,5
"ASV93208",4,7,8,1,7,2
"ASV93231",4,5,7,4,6,2
"ASV93318",5,4,2,6,3,3
"ASV93352",6,13,5,7,13,5
"ASV93377",5,9,2,8,9,4
"ASV93398",1,29,8,5,13,1
"ASV93466",3,4,2,6,3,3
"ASV93484",5,21,2,8,3,4
"ASV93517",1,1,8,1,7,1
"ASV93555",3,4,2,6,3,3
"ASV93606",1,1,8,1,7,1
"ASV93609",3,4,2,6,3,3
"ASV93620",3,12,2,7,3,3
"ASV93664",1,1,8,1,7,1
"ASV93706",4,5,7,4,6,2
"ASV93746",2,3,7,4,6,2
"ASV93782",6,13,8,5,7,2
"ASV93799",6,13,5,5,13,5
"ASV93853",6,13,5,5,13,5
"ASV93854",6,13,5,5,13,5
"ASV93913",10,25,8,3,13,9
"ASV93948",5,11,2,8,9,4
"ASV94005",3,4,2,6,3,3
"ASV94118",6,19,5,5,13,5
"ASV94157",5,4,2,6,3,3
"ASV94177",6,13,5,7,13,5
"ASV94287",6,18,5,5,13,5
"ASV94307",6,49,5,7,13,5
"ASV94376",4,17,5,4,6,2
"ASV94482",6,26,5,7,13,5
"ASV94503",5,9,2,8,9,4
"ASV94521",1,19,8,5,13,1
"ASV94577",3,4,2,6,3,3
"ASV94610",1,42,8,1,13,1
"ASV94684",6,34,8,3,13,5
"ASV94850",1,7,8,1,7,1
"ASV94921",1,19,8,5,13,1
"ASV94976",3,4,2,6,3,3
"ASV95031",5,21,2,8,9,4
"ASV95038",12,47,3,7,11,11
"ASV95175",4,5,7,4,6,2
"ASV95208",1,1,8,1,7,1
"ASV95394",3,12,2,6,3,3
"ASV95482",2,3,7,4,6,2
"ASV95485",3,4,2,6,3,3
"ASV95505",3,12,2,6,3,3
"ASV95520",4,5,7,4,6,2
"ASV95599",6,19,8,5,13,1
"ASV95609",3,4,2,6,3,3
"ASV95627",5,9,2,8,9,4
"ASV95672",3,34,2,6,3,3
"ASV95686",6,18,5,7,13,5
"ASV95691",2,3,7,4,6,2
"ASV95773",1,1,8,1,7,1
"ASV95832",5,4,2,6,3,3
"ASV95862",4,15,7,4,6,2
"ASV95876",4,13,5,5,13,2
"ASV95883",4,10,8,1,7,2
"ASV95905",4,5,7,4,6,2
"ASV95996",4,5,7,4,6,2
"ASV95999",5,8,2,8,9,4
"ASV96021",5,11,2,8,9,4
"ASV96063",4,5,5,4,6,2
"ASV96064",6,13,5,7,13,5
"ASV96068",1,1,8,1,7,1
"ASV96175",4,5,8,1,6,2
"ASV96178",10,25,1,3,3,9
"ASV96184",4,10,8,1,7,2
"ASV96216",6,49,5,7,3,5
"ASV96384",4,15,8,1,6,2
"ASV96391",5,8,2,8,9,4
"ASV96476",1,10,8,1,7,1
"ASV96491",6,53,5,7,3,5
"ASV96504",5,8,5,7,9,4
"ASV96584",5,8,5,7,9,4
"ASV96599",6,17,5,4,13,5
"ASV96611",3,4,2,6,3,3
"ASV96616",3,4,2,3,3,3
"ASV96631",5,9,2,8,9,4
"ASV96728",4,15,5,4,6,2
"ASV96772",6,19,8,5,13,1
"ASV96833",1,1,8,5,7,1
"ASV97015",1,24,8,5,7,1
"ASV97099",5,9,2,8,9,4
"ASV97100",1,19,8,5,13,1
"ASV97101",6,13,5,5,13,5
"ASV97135",1,1,8,1,7,1
"ASV97153",1,1,8,1,7,1
"ASV97235",6,18,5,7,13,5
"ASV97310",1,5,8,1,7,2
"ASV97360",3,12,2,6,3,3
"ASV97374",1,1,8,5,7,1
"ASV97416",2,3,7,4,6,2
"ASV97439",5,9,2,8,9,4
"ASV97442",1,1,8,1,7,1
"ASV97451",4,15,5,4,6,2
"ASV97456",3,12,2,3,3,3
"ASV97589",1,24,8,1,7,1
"ASV97639",6,13,5,7,13,5
"ASV97709",6,19,8,5,13,5
"ASV97722",5,9,2,8,9,4
"ASV97747",1,1,8,1,13,1
"ASV97761",3,12,2,6,3,3
"ASV97766",3,12,2,7,3,3
"ASV97776",4,5,7,4,6,2
"ASV97782",4,15,7,4,6,2
"ASV97821",3,12,2,7,3,3
"ASV97828",5,9,2,8,9,4
"ASV97839",4,15,7,4,6,2
"ASV97870",10,25,1,3,3,9
"ASV97914",3,4,2,6,3,3
"ASV97916",4,19,8,5,13,2
"ASV97919",1,19,8,1,13,1
"ASV98032",5,9,2,8,9,4
"ASV98034",6,15,5,4,6,2
"ASV98043",1,19,8,5,7,1
"ASV98117",3,4,2,6,3,3
"ASV98159",4,3,7,4,6,2
"ASV98195",5,26,5,8,3,3
"ASV98210",2,3,7,4,6,2
"ASV98222",5,9,2,8,9,4
"ASV98340",1,19,8,5,7,1
"ASV98439",3,12,2,3,3,3
"ASV98446",1,1,8,1,7,1
"ASV98460",1,1,8,1,7,1
"ASV98470",5,9,2,8,9,4
"ASV98477",1,19,8,5,7,1
"ASV98589",3,12,2,6,3,3
"ASV98591",2,15,7,4,6,2
"ASV98698",5,9,2,8,3,4
"ASV98791",1,19,8,5,7,1
"ASV98811",1,42,8,3,13,1
"ASV98821",6,5,5,4,6,2
"ASV98958",3,12,2,6,3,3
"ASV98996",4,5,5,4,6,2
"ASV99011",5,9,2,8,9,4
"ASV99021",3,30,2,7,3,3
"ASV99029",3,4,2,6,3,3
"ASV99143",5,21,2,8,3,4
"ASV99191",6,13,5,5,13,5
"ASV99217",4,5,7,4,6,2
"ASV99229",4,15,7,4,6,2
"ASV99294",6,15,5,4,13,5
"ASV99387",1,19,8,5,7,1
"ASV99405",1,1,8,1,7,1
"ASV99415",4,15,7,4,6,2
"ASV99420",3,4,2,6,3,3
"ASV99431",5,9,2,6,3,3
"ASV99434",3,4,2,6,3,3
"ASV99439",1,24,8,1,7,1
"ASV99466",1,1,8,1,7,1
"ASV99545",3,4,2,7,3,3
"ASV99547",3,4,2,6,3,3
"ASV99578",3,4,2,6,3,3
"ASV99607",6,4,5,4,13,2
"ASV99658",5,11,2,8,9,4
"ASV99661",1,1,8,1,7,1
"ASV99690",3,55,2,6,27,3
"ASV99742",2,28,7,3,6,2
"ASV99788",2,3,7,4,6,2
"ASV99790",4,5,5,4,6,2
"ASV99989",3,35,2,6,3,3
"ASV1e+05",4,17,5,4,6,2
"ASV100013",6,19,5,5,13,1
"ASV100047",4,28,7,3,6,2
"ASV100073",1,1,8,1,7,1
"ASV100103",4,15,7,4,6,2
"ASV100144",1,2,8,5,13,1
"ASV100190",1,19,8,5,13,1
"ASV100279",1,19,8,5,13,1
"ASV100417",3,12,2,6,3,3
"ASV100421",1,1,8,1,7,1
"ASV100429",6,32,5,7,13,5
"ASV100473",5,11,2,8,9,4
"ASV100532",2,15,7,4,6,2
"ASV100541",1,1,8,1,7,1
"ASV100553",4,15,7,4,6,2
"ASV100605",5,9,2,8,9,4
"ASV100623",3,4,2,6,3,3
"ASV100625",5,8,2,8,9,4
"ASV100639",1,1,8,1,7,1
"ASV100653",4,5,7,4,6,2
"ASV100670",5,21,2,8,3,4
"ASV100701",2,15,7,4,6,2
"ASV100714",6,18,5,7,13,5
"ASV100837",4,5,7,4,6,2
"ASV100946",5,8,5,8,9,4
"ASV100966",4,15,7,4,6,2
"ASV100979",2,3,7,4,6,2
"ASV101014",1,1,8,1,7,1
"ASV101024",4,15,7,4,6,2
"ASV101047",3,12,2,6,3,3
"ASV101274",5,8,2,8,9,4
"ASV101330",5,21,2,8,3,4
"ASV101381",4,43,7,1,13,2
"ASV101382",3,12,2,6,3,3
"ASV101386",1,1,8,1,7,1
"ASV101394",6,18,5,7,13,5
"ASV101395",3,4,2,6,3,3
"ASV101402",6,18,5,7,13,5
"ASV101409",3,12,2,6,3,3
"ASV101527",1,1,8,1,7,1
"ASV101547",5,11,2,8,9,4
"ASV101580",2,3,7,4,6,2
"ASV101595",3,12,2,6,3,3
"ASV101628",1,1,8,1,7,1
"ASV101633",1,19,8,5,13,1
"ASV101681",5,9,2,8,9,4
"ASV101701",1,7,8,1,7,1
"ASV101733",3,23,2,7,13,3
"ASV101821",6,49,5,3,3,5
"ASV101835",2,3,7,4,6,2
"ASV101843",1,19,8,5,13,1
"ASV101847",5,8,5,7,9,4
"ASV101871",5,9,2,8,9,4
"ASV101923",5,11,2,8,9,4
"ASV101961",2,3,7,4,6,2
"ASV102048",4,5,7,4,6,2
"ASV102050",3,4,2,6,3,3
"ASV102056",3,4,2,3,3,3
"ASV102121",6,13,5,3,13,5
"ASV102135",1,1,8,1,7,1
"ASV102238",5,9,2,8,9,4
"ASV102289",5,21,5,8,3,4
"ASV102290",5,8,2,8,9,4
"ASV102293",3,4,2,6,3,3
"ASV102305",4,5,7,4,6,2
"ASV102309",6,13,5,4,13,5
"ASV102398",1,1,8,1,7,1
"ASV102473",6,18,5,7,13,5
"ASV102476",1,10,8,1,7,2
"ASV102576",1,1,8,5,7,1
"ASV102578",1,19,8,5,13,1
"ASV102586",5,11,2,8,3,4
"ASV102678",6,18,5,7,13,5
"ASV102680",3,4,2,6,3,3
"ASV102703",1,19,8,5,13,1
"ASV102760",5,9,2,8,9,4
"ASV102778",3,4,2,6,3,3
"ASV102797",1,20,8,1,13,1
"ASV102813",6,18,5,7,13,5
"ASV102857",1,7,8,1,7,1
"ASV103047",6,13,5,5,13,5
"ASV103092",5,11,2,8,9,4
"ASV103141",5,26,5,8,3,4
"ASV103224",6,18,5,7,3,5
"ASV103277",5,11,2,8,9,4
"ASV103337",3,4,2,6,3,3
"ASV103385",10,25,2,3,3,9
"ASV103387",2,28,7,3,6,2
"ASV103424",2,3,7,4,6,2
"ASV103469",3,12,2,7,3,3
"ASV103470",6,17,5,4,13,5
"ASV103487",5,4,2,8,3,3
"ASV103543",2,3,7,4,6,2
"ASV103553",6,13,5,5,13,5
"ASV103565",2,3,7,4,6,2
"ASV103644",6,49,5,7,3,5
"ASV103683",3,12,2,6,3,3
"ASV103695",10,27,1,3,8,9
"ASV103716",4,15,7,4,6,2
"ASV103776",4,5,7,4,6,2
"ASV103807",5,11,2,8,9,4
"ASV103823",3,4,2,6,6,3
"ASV103832",3,4,2,6,3,3
"ASV103864",1,19,8,5,7,1
"ASV103871",3,4,2,6,3,3
"ASV103901",5,11,2,8,9,4
"ASV103907",1,1,8,1,13,1
"ASV103964",4,15,7,4,6,2
"ASV104064",3,4,2,6,3,3
"ASV104089",4,15,7,4,6,2
"ASV104101",2,3,7,4,6,2
"ASV104105",4,15,7,4,6,2
"ASV104160",6,53,5,5,3,5
"ASV104177",6,13,5,5,13,5
"ASV104198",4,24,8,1,7,1
"ASV104202",3,4,2,3,3,3
"ASV104251",6,13,8,5,7,1
"ASV104346",3,4,2,6,3,3
"ASV104347",6,18,5,7,13,5
"ASV104396",1,1,8,1,7,1
"ASV104428",3,4,2,6,3,3
"ASV104450",5,9,2,8,9,4
"ASV104492",4,15,7,4,6,2
"ASV104540",3,23,4,7,13,3
"ASV104602",1,19,8,5,7,1
"ASV104624",5,9,2,8,9,4
"ASV104683",2,15,7,4,6,2
"ASV104700",3,12,2,6,3,3
"ASV104745",5,21,2,8,9,4
"ASV104806",3,12,2,7,3,3
"ASV104857",3,12,5,7,3,3
"ASV104890",5,9,2,8,9,4
"ASV104897",2,3,7,4,6,2
"ASV104906",4,6,8,1,13,2
"ASV104927",1,1,8,1,7,1
"ASV105030",4,15,7,4,6,2
"ASV105051",6,13,5,5,13,5
"ASV105101",5,9,2,8,9,4
"ASV105109",1,10,8,1,7,1
"ASV105131",5,21,2,8,3,4
"ASV105146",5,9,2,8,9,4
"ASV105228",1,1,8,1,7,1
"ASV105266",6,13,5,4,13,5
"ASV105384",8,16,11,2,5,7
"ASV105439",2,3,7,4,6,2
"ASV105480",1,7,8,1,7,1
"ASV105514",6,19,5,5,13,1
"ASV105520",3,30,2,7,3,3
"ASV105534",5,21,2,8,3,4
"ASV105539",5,11,2,8,9,4
"ASV105576",2,28,7,4,6,2
"ASV105599",1,19,8,5,13,1
"ASV105675",5,11,2,8,9,4
"ASV105740",6,13,5,5,13,5
"ASV105762",3,12,5,7,3,4
"ASV105845",3,30,2,7,3,3
"ASV105882",6,18,5,5,13,5
"ASV105919",6,32,5,7,13,5
"ASV105939",1,19,8,5,7,1
"ASV105969",6,13,5,5,13,5
"ASV106043",5,12,2,6,3,3
"ASV106168",1,19,8,5,7,1
"ASV106189",2,3,7,4,6,2
"ASV106202",6,13,5,7,13,5
"ASV106278",1,15,8,1,13,1
"ASV106452",5,9,2,8,9,4
"ASV106453",1,7,8,1,7,1
"ASV106488",1,24,8,1,7,1
"ASV106502",5,4,2,6,3,3
"ASV106536",2,3,7,4,6,2
"ASV106607",3,4,2,6,3,3
"ASV106626",6,17,5,4,6,2
"ASV106636",4,10,8,1,7,2
"ASV106659",4,10,8,1,7,2
"ASV106713",4,5,7,4,6,2
"ASV106873",4,5,7,4,6,2
"ASV106881",3,4,2,6,3,3
"ASV106902",5,8,5,8,3,4
"ASV106907",2,4,2,6,6,3
"ASV106920",1,2,8,5,13,1
"ASV106923",5,9,2,8,9,4
"ASV106929",5,9,2,8,9,4
"ASV106983",1,24,8,1,7,1
"ASV107021",5,9,2,8,9,4
"ASV107025",1,7,8,1,7,1
"ASV107104",5,11,2,8,9,4
"ASV107106",6,28,5,4,3,2
"ASV107180",3,4,2,7,3,3
"ASV107250",4,15,5,4,6,2
"ASV107265",4,20,8,5,6,2
"ASV107283",1,19,8,5,13,1
"ASV107351",1,1,8,1,7,1
"ASV107406",1,24,8,1,7,1
"ASV107464",4,5,5,4,6,2
"ASV107523",2,3,7,4,6,2
"ASV107531",6,13,5,4,6,5
"ASV107547",4,15,7,4,6,2
"ASV107605",4,5,7,4,6,2
"ASV107696",5,21,2,8,3,4
"ASV107770",1,1,8,1,7,1
"ASV107845",6,13,5,5,13,5
"ASV107958",4,5,5,4,6,2
"ASV108170",4,10,8,1,13,2
"ASV108175",4,15,5,4,13,2
"ASV108301",2,15,5,4,6,2
"ASV108346",4,5,7,4,6,2
"ASV108440",2,3,7,4,6,2
"ASV108567",3,12,2,7,3,3
"ASV108642",3,4,2,6,3,3
"ASV108653",2,15,7,4,6,2
"ASV108664",3,4,2,6,3,3
"ASV108693",1,7,8,1,7,1
"ASV108753",4,15,7,4,6,2
"ASV108979",6,13,5,5,13,5
"ASV109011",1,1,8,1,7,1
"ASV109017",3,12,2,6,3,3
"ASV109133",1,7,8,1,7,1
"ASV109143",5,4,2,6,3,3
"ASV109173",3,12,2,6,3,4
"ASV109187",5,9,2,8,3,4
"ASV109214",2,28,7,4,6,2
"ASV109302",4,10,5,5,13,2
"ASV109335",3,15,2,6,3,3
"ASV109343",1,19,8,5,13,1
"ASV109344",1,19,8,1,13,1
"ASV109378",1,7,8,1,7,1
"ASV109504",6,28,5,7,6,2
"ASV109586",3,31,2,6,12,3
"ASV109615",3,4,2,6,3,3
"ASV109664",6,18,5,7,13,5
"ASV109710",4,15,5,4,6,2
"ASV109712",1,1,8,1,7,1
"ASV109959",3,12,2,6,3,4
"ASV110026",3,4,2,6,3,3
"ASV110043",5,9,2,8,3,3
"ASV110056",3,4,2,6,3,3
"ASV110283",4,5,7,1,6,2
"ASV110464",3,51,2,6,14,3
"ASV110674",6,13,8,5,13,5
"ASV110681",5,9,2,8,9,4
"ASV110763",4,10,8,1,7,2
"ASV110780",6,13,5,5,13,5
"ASV110897",4,20,8,5,6,1
"ASV110919",1,1,8,1,7,1
"ASV110955",6,18,5,7,13,5
"ASV110976",3,30,2,6,13,3
"ASV110993",5,21,2,8,3,4
"ASV111079",6,13,8,5,13,5
"ASV111166",3,4,2,6,3,3
"ASV111202",5,21,2,8,3,4
"ASV111268",3,4,2,6,3,3
"ASV111301",6,18,5,7,13,5
"ASV111337",5,8,2,8,9,4
"ASV111390",6,26,5,7,3,5
"ASV111411",3,4,2,6,3,3
"ASV111439",3,12,2,6,3,3
"ASV111618",2,3,7,4,6,2
"ASV111663",1,19,8,5,13,1
"ASV111695",1,1,8,1,7,1
"ASV111756",3,4,2,6,3,3
"ASV111830",3,12,2,6,3,3
"ASV111875",1,1,8,1,7,1
"ASV111894",6,26,5,7,3,5
"ASV111900",10,25,1,3,3,9
"ASV112064",6,18,5,7,13,5
"ASV112075",4,15,5,4,6,2
"ASV112087",1,7,8,1,7,1
"ASV112135",3,4,2,6,3,3
"ASV112165",5,11,2,8,9,4
"ASV112181",1,1,8,1,7,1
"ASV112233",2,15,7,4,6,2
"ASV112272",1,29,8,5,13,5
"ASV112288",12,47,3,6,2,11
"ASV112404",1,1,8,1,7,1
"ASV112408",4,5,7,4,6,2
"ASV112520",5,4,5,7,3,3
"ASV112536",3,31,2,6,12,3
"ASV112564",1,1,8,1,7,1
"ASV112645",4,15,7,4,6,2
"ASV112670",2,3,7,4,6,2
"ASV112693",3,12,2,3,3,3
"ASV112698",2,3,7,4,6,2
"ASV112753",1,1,8,1,7,1
"ASV112842",2,3,7,4,6,2
"ASV112893",6,29,5,5,13,5
"ASV112895",3,4,2,5,3,3
"ASV112973",1,20,8,1,6,1
"ASV113018",3,12,2,7,3,3
"ASV113077",3,12,2,6,3,3
"ASV113204",5,9,2,8,9,4
"ASV113230",4,5,7,4,6,2
"ASV113234",2,3,7,4,6,2
"ASV113267",6,13,5,5,13,5
"ASV113378",4,5,8,1,6,2
"ASV113408",6,26,5,4,13,5
"ASV113481",2,3,2,6,6,2
"ASV113556",1,1,8,1,7,1
"ASV113560",1,1,8,1,7,1
"ASV113579",5,9,2,8,9,4
"ASV113707",6,2,8,5,13,5
"ASV113891",4,15,7,3,6,2
"ASV113907",5,11,2,8,9,4
"ASV113971",4,15,5,4,6,2
"ASV114030",5,11,2,8,9,4
"ASV114063",4,5,7,4,6,2
"ASV114080",5,8,5,8,9,4
"ASV114141",1,1,8,1,7,1
"ASV114155",10,25,2,3,3,9
"ASV114163",3,4,2,6,3,3
"ASV114305",1,19,8,5,13,1
"ASV114336",3,4,2,3,3,3
"ASV114343",5,21,2,8,3,4
"ASV114346",1,2,8,5,13,1
"ASV114395",4,5,7,4,6,2
"ASV114397",3,4,2,6,3,3
"ASV114430",3,12,2,5,13,3
"ASV114548",6,18,5,7,13,5
"ASV114642",1,10,8,1,7,1
"ASV114877",5,11,2,8,9,4
"ASV114975",4,13,5,4,6,5
"ASV115035",1,1,8,1,7,1
"ASV115049",2,3,7,4,6,2
"ASV115093",3,12,2,6,3,3
"ASV115110",1,2,8,5,13,1
"ASV115151",4,5,7,1,6,2
"ASV115165",6,19,5,5,13,1
"ASV115190",3,4,2,6,3,3
"ASV115298",2,15,5,4,6,2
"ASV115330",1,1,8,1,7,1
"ASV115386",2,28,7,4,6,2
"ASV115398",6,18,5,7,13,5
"ASV115402",5,21,2,8,3,4
"ASV115419",4,10,8,1,7,2
"ASV115516",6,18,5,4,13,5
"ASV115561",1,1,8,1,7,1
"ASV115577",1,19,8,5,13,1
"ASV115626",3,12,2,6,3,3
"ASV115671",1,1,8,1,7,1
"ASV115713",2,3,7,4,6,2
"ASV115744",6,13,5,5,13,5
"ASV115985",1,1,8,1,7,1
"ASV116013",10,54,1,3,34,9
"ASV116037",6,13,5,5,13,5
"ASV116126",5,21,2,8,3,4
"ASV116149",4,15,7,4,6,2
"ASV116215",1,1,8,1,13,1
"ASV116277",3,4,2,6,3,3
"ASV116295",3,4,2,6,3,3
"ASV116346",6,29,5,7,13,5
"ASV116392",1,19,8,5,13,1
"ASV116466",6,13,5,7,13,5
"ASV116512",3,4,2,3,3,3
"ASV116606",1,19,8,5,13,1
"ASV116645",1,19,8,5,7,1
"ASV116668",6,30,5,3,13,5
"ASV116678",1,1,8,1,7,1
"ASV116713",3,4,2,6,3,3
"ASV116772",2,28,7,3,6,2
"ASV116793",3,4,2,7,3,3
"ASV116796",3,30,2,7,13,3
"ASV116879",6,13,8,5,13,5
"ASV116882",6,19,5,5,13,5
"ASV116884",1,1,8,1,7,1
"ASV116967",3,12,2,7,3,3
"ASV117124",6,18,5,7,13,5
"ASV117160",4,5,7,4,6,2
"ASV117206",4,10,8,1,7,2
"ASV117263",4,15,7,4,6,2
"ASV117344",1,2,8,5,13,1
"ASV117395",3,4,2,6,3,3
"ASV117437",1,19,8,5,13,1
"ASV117449",5,9,2,8,9,4
"ASV117496",3,23,5,7,13,3
"ASV117569",3,4,2,6,3,3
"ASV117579",3,12,2,7,3,3
"ASV117601",5,9,2,8,3,4
"ASV117656",2,3,7,4,6,2
"ASV117659",5,11,2,8,9,4
"ASV117704",3,4,2,6,3,3
"ASV117796",4,15,8,1,6,2
"ASV117798",5,12,5,7,3,4
"ASV117839",1,1,8,1,7,1
"ASV117840",3,33,2,6,3,3
"ASV118039",3,4,2,6,3,3
"ASV118051",8,16,11,2,31,7
"ASV118123",2,3,7,4,6,2
"ASV118144",1,1,8,1,7,1
"ASV118189",6,19,8,5,13,5
"ASV118201",4,5,7,4,6,2
"ASV118368",6,52,5,3,13,5
"ASV118405",3,12,2,7,3,3
"ASV118413",1,1,8,1,7,1
"ASV118440",3,12,2,7,3,3
"ASV118490",6,2,8,5,13,5
"ASV118492",6,19,5,5,13,5
"ASV118496",5,11,2,8,9,4
"ASV118607",3,6,2,5,3,3
"ASV118699",1,7,8,1,7,2
"ASV118705",5,8,2,8,9,4
"ASV118740",3,51,2,6,14,3
"ASV118788",4,10,8,1,13,2
"ASV118867",2,5,7,4,6,2
"ASV118879",1,19,8,5,13,1
"ASV118937",4,5,7,4,6,2
"ASV118968",4,15,7,4,6,2
"ASV119046",5,9,2,6,3,3
"ASV119135",1,1,8,1,7,1
"ASV119202",4,5,7,4,6,2
"ASV119244",1,1,8,1,7,1
"ASV119256",3,12,2,7,3,3
"ASV119271",1,24,8,1,7,1
"ASV119272",1,19,8,5,7,1
"ASV119339",5,9,2,8,9,4
"ASV119421",1,7,8,1,7,1
"ASV119499",4,5,7,4,6,2
"ASV119538",3,12,2,7,3,3
"ASV119553",1,24,8,1,7,1
"ASV119651",4,15,5,4,6,2
"ASV119656",10,54,1,3,34,9
"ASV119776",2,3,7,4,6,2
"ASV119840",1,19,8,5,7,1
"ASV119873",3,45,2,6,3,3
"ASV119994",5,26,5,7,3,4
"ASV120003",3,12,2,8,3,4
"ASV120031",4,42,8,1,13,1
"ASV120122",1,19,8,5,13,1
"ASV120124",4,5,7,4,6,2
"ASV120164",1,1,8,1,7,1
"ASV120178",3,12,2,6,3,3
"ASV120203",3,12,2,3,3,3
"ASV120209",1,19,8,3,13,1
"ASV120316",10,25,7,3,6,9
"ASV120346",1,7,8,1,7,1
"ASV120381",1,19,8,5,13,1
"ASV120435",6,34,7,4,13,5
"ASV120444",1,7,8,5,13,1
"ASV120461",3,30,2,7,3,3
"ASV120470",3,4,2,6,3,3
"ASV120536",2,3,7,4,6,2
"ASV120543",3,4,2,6,3,3
"ASV120603",1,24,8,1,13,1
"ASV120677",1,1,8,1,7,1
"ASV120760",10,12,2,3,3,9
"ASV120773",5,9,2,8,3,3
"ASV120798",6,1,8,5,7,1
"ASV120804",5,11,2,8,9,4
"ASV120807",2,3,7,4,6,2
"ASV120814",4,5,7,4,6,2
"ASV120910",1,1,8,1,7,1
"ASV120919",1,29,8,1,7,1
"ASV121048",2,19,7,1,13,2
"ASV121070",3,12,2,7,3,3
"ASV121090",3,12,2,7,3,3
"ASV121119",4,5,5,4,6,2
"ASV121146",4,15,7,4,6,2
"ASV121164",1,7,8,1,7,1
"ASV121315",3,51,2,6,3,3
"ASV121467",6,13,5,7,13,5
"ASV121483",6,13,5,5,13,5
"ASV121488",2,3,7,4,6,2
"ASV121526",4,15,7,4,6,2
"ASV121644",2,3,7,4,6,2
"ASV121730",3,12,2,5,3,3
"ASV121746",2,3,7,4,6,2
"ASV121775",1,20,8,5,13,1
"ASV121803",6,19,5,5,13,5
"ASV121821",4,5,5,4,6,2
"ASV121903",6,13,8,5,13,5
"ASV121942",1,1,8,1,7,1
"ASV122045",1,1,8,1,7,1
"ASV122190",4,5,5,4,6,2
"ASV122240",5,9,2,8,9,4
"ASV122272",5,11,2,8,9,4
"ASV122292",1,1,8,1,7,1
"ASV122517",3,4,2,6,3,3
"ASV122573",6,15,5,4,13,2
"ASV122632",6,19,5,5,13,5
"ASV122641",2,15,7,4,6,2
"ASV122795",1,1,8,1,7,1
"ASV122910",1,19,8,5,7,1
"ASV122914",4,15,7,4,6,2
"ASV122936",5,9,2,8,9,4
"ASV122952",5,8,2,8,9,4
"ASV123063",2,15,5,4,6,2
"ASV123084",1,7,8,1,7,1
"ASV123093",3,4,2,6,3,3
"ASV123255",6,18,5,5,13,5
"ASV123261",1,10,8,5,7,2
"ASV123305",1,1,8,1,7,1
"ASV123333",6,18,5,7,13,5
"ASV123337",3,12,2,7,3,3
"ASV123365",3,12,2,7,3,3
"ASV123405",4,15,7,4,6,2
"ASV123450",1,19,8,5,7,1
"ASV123454",4,28,7,4,6,2
"ASV123456",1,1,8,1,7,1
"ASV123497",6,49,5,3,13,5
"ASV123554",4,5,7,4,6,2
"ASV123620",2,3,2,8,6,2
"ASV123756",5,11,2,8,9,4
"ASV123769",3,4,2,7,3,3
"ASV123906",4,24,8,4,7,2
"ASV123933",5,11,2,8,9,4
"ASV123939",1,7,8,5,13,1
"ASV123942",3,36,10,6,30,3
"ASV123951",1,19,8,5,13,1
"ASV124006",5,11,2,8,9,4
"ASV124012",6,49,5,7,3,5
"ASV124015",4,15,7,4,6,2
"ASV124037",3,12,2,7,3,3
"ASV124041",4,15,5,3,6,2
"ASV124093",1,19,8,5,13,1
"ASV124182",5,8,5,1,9,4
"ASV124184",9,36,10,6,21,8
"ASV124201",2,3,7,4,6,2
"ASV124223",3,4,2,6,3,3
"ASV124242",1,1,8,1,7,1
"ASV124261",2,3,7,4,6,2
"ASV124287",4,5,7,4,6,2
"ASV124296",5,11,2,8,9,4
"ASV124336",3,12,2,6,3,4
"ASV124373",6,19,5,5,13,5
"ASV124444",6,53,5,6,3,5
"ASV124476",6,20,8,5,13,5
"ASV124513",5,8,5,7,9,4
"ASV124541",3,30,2,7,3,3
"ASV124548",4,10,7,3,6,2
"ASV124598",1,10,8,1,7,1
"ASV124629",1,1,8,5,13,1
"ASV124709",1,24,8,1,7,1
"ASV124713",1,20,8,5,13,1
"ASV124715",3,12,5,7,3,3
"ASV124732",4,15,5,4,6,2
"ASV124744",3,12,2,3,3,3
"ASV124772",3,4,2,6,3,3
"ASV124797",3,30,2,7,3,3
"ASV124803",1,1,8,1,7,1
"ASV124804",2,3,5,4,6,2
"ASV124809",2,3,7,4,6,2
"ASV124831",5,21,5,8,3,4
"ASV124833",5,9,2,8,9,4
"ASV124883",1,1,8,1,7,1
"ASV124925",1,19,8,5,13,1
"ASV124967",2,3,7,4,6,2
"ASV125071",5,4,2,8,3,3
"ASV125082",6,13,5,5,13,5
"ASV125104",4,5,7,4,6,2
"ASV125128",6,15,5,4,13,2
"ASV125220",3,4,2,3,3,3
"ASV125442",6,18,5,7,13,5
"ASV125477",6,13,5,7,13,5
"ASV125579",1,24,8,1,7,1
"ASV125596",3,4,2,6,3,3
"ASV125611",4,5,7,4,6,2
"ASV125639",3,12,2,7,3,3
"ASV125809",5,21,2,8,9,4
"ASV125841",1,7,8,1,7,1
"ASV125885",3,4,2,6,3,3
"ASV125920",4,5,7,4,6,2
"ASV126010",1,1,8,1,7,1
"ASV126068",1,1,8,1,7,1
"ASV126096",4,17,5,4,6,2
"ASV126515",3,4,2,6,3,3
"ASV126606",3,12,2,6,3,3
"ASV126724",4,10,8,1,7,2
"ASV126998",1,1,8,1,7,1
"ASV127019",4,15,5,4,6,2
"ASV127036",1,19,8,5,13,1
"ASV127121",1,29,8,5,13,1
"ASV127162",4,5,5,4,6,2
"ASV127360",4,5,7,4,6,2
"ASV127566",2,15,7,4,6,2
"ASV127692",3,4,2,6,3,3
"ASV127738",3,4,2,7,3,3
"ASV127781",2,3,7,4,6,2
"ASV127880",2,15,7,4,6,2
"ASV127982",3,36,10,6,21,3
"ASV128137",3,12,2,7,3,3
"ASV128144",1,1,8,1,7,1
"ASV128167",4,15,7,4,6,2
"ASV128323",3,6,2,3,3,3
"ASV128355",1,1,8,1,7,1
"ASV128364",6,19,8,5,13,5
"ASV128438",6,18,5,5,13,5
"ASV128486",1,1,8,1,7,1
"ASV128566",1,1,8,1,7,1
"ASV128668",6,26,5,7,13,5
"ASV128749",3,12,2,7,3,3
"ASV128831",4,5,7,4,6,2
"ASV129012",1,24,8,1,13,1
"ASV129084",5,21,2,8,3,4
"ASV129524",6,18,5,7,3,5
"ASV129657",1,1,8,1,7,1
"ASV129703",6,18,5,7,13,5
"ASV129719",4,5,7,4,6,2
"ASV129800",6,18,5,3,13,5
"ASV129919",4,15,7,4,6,2
"ASV129962",4,17,5,4,6,2
"ASV129974",6,13,8,5,7,5
"ASV130057",3,4,2,7,3,3
"ASV130142",4,5,7,1,6,2
"ASV130207",2,3,7,4,6,2
"ASV130210",2,28,7,4,6,2
"ASV130229",4,15,7,4,6,2
"ASV130261",3,12,5,7,3,4
"ASV130715",4,10,8,1,7,2
"ASV130782",4,15,5,4,6,2
"ASV130824",1,1,8,1,7,1
"ASV130865",5,11,2,8,3,4
"ASV130873",5,8,5,7,9,4
"ASV130955",1,24,8,1,7,1
"ASV130979",1,19,8,3,13,1
"ASV130984",6,53,5,3,3,5
"ASV131077",2,3,7,4,6,2
"ASV131169",4,15,7,4,6,2
"ASV131186",4,15,5,4,6,2
"ASV131203",3,25,2,3,32,3
"ASV131298",4,19,8,1,13,2
"ASV131332",4,15,7,4,6,2
"ASV131502",2,3,7,4,6,2
"ASV131506",4,15,5,4,6,2
"ASV131574",6,13,5,5,13,5
"ASV131666",5,21,2,8,3,4
"ASV131821",2,3,7,4,6,2
"ASV131833",4,17,5,3,6,2
"ASV131862",2,3,7,4,6,2
"ASV131945",1,1,8,1,7,1
"ASV131977",6,18,5,7,13,5
"ASV132020",4,28,7,4,6,2
"ASV132130",4,28,7,4,6,2
"ASV132200",4,5,7,4,6,2
"ASV132203",6,13,5,7,13,5
"ASV132433",6,13,5,6,13,5
"ASV132663",4,5,7,4,6,2
"ASV132935",5,9,2,8,9,4
"ASV133008",2,3,7,4,6,2
"ASV133099",1,19,8,5,13,1
"ASV133423",1,1,8,1,7,1
"ASV133492",6,29,5,7,13,5
"ASV133540",2,5,7,4,6,2
"ASV133611",4,5,7,4,6,2
"ASV133641",1,7,8,1,7,1
"ASV133824",3,12,5,7,3,3
"ASV133868",4,15,7,4,6,2
"ASV134114",6,13,5,5,13,5
"ASV134403",4,5,7,4,6,2
"ASV134500",4,5,8,1,7,2
"ASV134574",4,5,7,4,6,2
"ASV134719",6,26,5,4,13,5
"ASV134732",6,19,5,5,13,5
"ASV134783",4,15,7,4,6,2
"ASV134865",6,17,5,4,13,5
"ASV135428",6,18,5,7,13,5
"ASV135471",1,2,8,5,13,1
"ASV136301",6,26,5,7,3,5
"ASV136469",1,19,8,5,13,1
"ASV136652",6,4,5,7,3,3
"ASV137129",2,15,7,4,6,2
"ASV137177",4,19,8,3,13,2
"ASV1053",10,25,1,3,32,9
"ASV1963",10,25,1,3,32,9
"ASV2836",10,25,1,3,32,9
"ASV3155",10,25,1,3,32,9
"ASV3410",10,25,1,3,32,9
"ASV135489",1,1,8,1,7,1
"ASV133805",6,18,5,7,13,5
"ASV121193",3,4,2,6,3,3
"ASV135619",1,7,8,1,7,1
"ASV135998",1,7,8,1,7,1
"ASV137373",5,8,5,8,9,4
"ASV123976",5,9,2,8,9,4
"ASV133639",2,28,7,4,6,2
"ASV122672",5,21,2,8,9,4
"ASV126316",3,12,2,6,3,3
"ASV132888",1,10,8,1,7,2
"ASV136297",1,1,8,1,7,1
"ASV124900",5,13,5,7,3,4
"ASV117541",7,14,6,6,16,6
"ASV112858",5,8,2,8,9,4
"ASV125117",2,15,7,4,6,2
"ASV114778",3,4,2,6,3,3
"ASV134048",3,12,2,7,3,3
"ASV135628",6,15,5,4,6,2
"ASV117118",6,32,5,7,13,5
"ASV136092",6,18,5,5,13,5
"ASV136140",1,1,8,1,7,1
"ASV136803",6,13,5,4,13,5
"ASV135838",2,28,7,4,6,2
"ASV125364",5,9,2,8,3,4
"ASV134176",1,1,8,1,7,1
"ASV136753",4,10,8,1,7,2
"ASV128485",1,1,8,1,7,1
"ASV135863",5,8,2,8,9,4
"ASV121109",1,1,8,1,7,1
"ASV128541",1,1,8,1,7,1
"ASV120542",1,24,8,1,7,1
"ASV122109",5,9,2,8,9,4
"ASV134930",1,19,8,1,7,1
"ASV136492",1,13,8,5,13,1
"ASV129875",5,4,2,6,3,4
"ASV136778",6,4,5,7,3,5
"ASV85726",9,22,10,6,19,8
"ASV133064",4,10,8,1,7,2
"ASV118002",5,9,2,8,3,3
"ASV125398",5,9,2,8,9,4
"ASV128274",5,9,2,8,9,4
"ASV136844",1,19,8,5,13,1
"ASV135983",4,13,5,4,6,2
"ASV130592",4,1,8,1,7,2
"ASV133912",1,7,8,1,7,1
"ASV132715",3,4,2,6,3,3
"ASV127465",6,13,5,5,13,5
"ASV135212",5,21,2,8,3,4
"ASV125835",3,4,2,3,3,3
"ASV132948",1,19,8,5,13,1
"ASV134696",4,17,5,4,6,5
"ASV119504",4,15,5,4,6,2
"ASV135953",6,4,5,7,13,3
"ASV137162",4,15,7,4,6,2
"ASV126911",1,7,8,1,7,1
"ASV120939",3,4,2,6,3,3
"ASV134715",5,4,5,6,3,3
"ASV128809",5,9,2,8,9,4
"ASV126879",4,15,7,4,6,2
"ASV134134",4,15,7,4,6,2
"ASV121154",3,4,2,6,3,3
"ASV129439",5,9,2,8,9,4
"ASV136499",4,15,5,3,6,2
"ASV126716",3,12,5,7,3,3
"ASV128409",3,23,2,7,13,3
"ASV137299",4,23,7,4,13,2
"ASV105593",1,1,8,1,7,1
"ASV134886",4,5,7,4,6,2
"ASV123171",2,3,7,4,6,2
"ASV129774",4,15,7,4,6,2
"ASV130686",6,13,5,5,13,5
"ASV127449",3,4,2,6,3,3
"ASV135948",3,12,2,7,3,3
"ASV135456",6,19,8,5,13,5
"ASV130967",5,8,5,5,9,4
"ASV133710",5,8,5,8,9,4
"ASV135501",1,19,8,5,13,1
"ASV137020",6,13,5,5,13,5
"ASV132543",5,11,2,8,9,4
"ASV135284",5,11,2,8,9,4
"ASV127292",2,15,7,4,6,2
"ASV132093",1,1,8,1,7,1
"ASV136397",1,19,8,5,13,1
"ASV4534",10,25,1,3,32,9
"ASV136646",1,1,8,1,7,1
"ASV129303",3,4,2,6,3,3
"ASV135951",1,19,8,5,13,1
"ASV137163",3,4,2,6,3,3
"ASV127710",6,13,5,7,13,5
"ASV110578",5,26,5,8,3,4
"ASV135115",2,3,7,4,6,2
"ASV135257",5,9,2,8,9,4
"ASV118641",11,37,2,6,3,10
"ASV115735",6,2,5,7,13,5
"ASV135580",4,10,8,5,7,2
"ASV136083",1,7,8,5,13,1
"ASV133125",4,5,7,4,6,2
"ASV136845",6,19,5,7,13,5
"ASV103205",3,4,2,3,3,3
"ASV132960",4,15,5,4,6,2
"ASV85194",3,31,2,6,12,3
"ASV131698",6,32,5,7,13,5
"ASV109183",11,37,4,7,29,10
"ASV137121",6,26,5,7,13,5
"ASV136483",2,3,7,4,6,2
"ASV122921",3,4,2,6,3,3
"ASV134189",3,34,2,6,13,1
"ASV132347",4,5,7,4,6,2
"ASV128151",4,15,7,4,6,2
"ASV131797",4,5,7,4,6,2
"ASV133326",2,3,7,4,6,2
"ASV135996",2,3,7,4,6,2
"ASV128430",4,5,7,4,6,2
"ASV136816",6,26,5,7,13,5
"ASV131762",3,30,2,7,3,3
"ASV121610",3,35,2,6,3,3
"ASV122267",3,4,2,6,3,3
"ASV132572",1,1,8,5,7,1
"ASV118432",1,1,8,1,7,1
"ASV5067",10,25,1,3,32,9
"ASV127105",1,19,8,5,13,1
"ASV127680",5,11,2,8,9,4
"ASV124630",1,1,8,1,7,1
"ASV119137",3,4,2,6,3,3
"ASV121786",3,4,2,6,3,3
"ASV136046",5,11,2,8,9,4
"ASV113812",1,1,8,1,7,1
"ASV136305",6,23,5,4,13,5
"ASV134036",1,32,8,1,7,1
"ASV66848",9,22,10,7,10,8
"ASV132806",1,1,8,1,7,1
"ASV118249",5,9,2,8,9,4
"ASV132867",5,21,2,8,3,4
"ASV136709",5,21,2,8,3,4
"ASV135981",4,5,7,4,6,2
"ASV131927",5,11,2,8,9,4
"ASV128551",1,1,8,1,7,1
"ASV133475",4,15,7,4,6,2
"ASV126269",3,33,2,6,2,3
"ASV134633",4,5,7,1,6,2
"ASV136586",3,12,2,6,3,3
"ASV126059",3,4,2,3,3,3
"ASV122691",3,12,2,7,3,3
"ASV135606",6,29,5,7,13,5
"ASV135451",8,16,11,2,31,7
"ASV127711",3,4,2,6,3,3
"ASV130574",1,1,8,1,7,1
"ASV129349",3,12,5,7,3,3
"ASV117644",1,7,8,1,7,1
"ASV116475",3,43,2,3,3,3
"ASV74952",7,40,6,7,4,6
"ASV128875",3,12,2,3,3,3
"ASV132710",6,13,8,5,13,5
"ASV133602",3,4,2,6,3,3
"ASV119642",3,31,2,6,12,3
"ASV120633",3,51,2,6,14,3
"ASV103453",3,4,2,7,3,3
"ASV133666",4,5,7,4,6,2
"ASV134252",2,5,7,4,6,2
"ASV130134",5,9,2,8,9,4
"ASV132950",3,12,2,7,3,3
"ASV135531",6,18,5,7,3,5
"ASV127644",3,55,2,6,27,3
"ASV128545",6,13,5,5,13,5
"ASV134493",1,1,8,1,7,1
"ASV71751",11,37,4,7,15,10
"ASV86417",11,37,4,7,15,10
"ASV133178",2,3,7,4,6,2
"ASV129623",3,12,2,6,3,3
"ASV134473",6,26,5,7,3,5
"ASV135461",1,7,8,1,7,1
"ASV125731",5,21,2,8,3,4
"ASV42202",3,4,2,6,3,3
"ASV118611",5,9,2,8,3,4
"ASV125880",3,4,2,6,3,3
"ASV128045",6,13,5,7,13,5
"ASV126022",3,4,2,6,3,3
"ASV110939",12,47,3,7,23,11
"ASV131523",1,1,8,1,7,1
"ASV124320",3,51,2,6,14,3
"ASV124099",10,27,1,3,8,9
"ASV135985",1,7,8,1,7,1
"ASV132450",7,40,6,6,18,6
"ASV105862",8,16,11,2,20,7
"ASV130766",4,24,8,1,7,2
"ASV129232",3,12,2,6,3,3
"ASV88761",5,9,2,8,9,4
"ASV99444",3,50,2,6,35,3
"ASV129014",3,4,2,6,3,3
"ASV111536",11,44,4,7,17,10
"ASV128506",4,40,7,4,4,2
"ASV113402",6,49,5,7,3,5
"ASV134662",12,47,3,7,11,11
"ASV125169",3,4,2,6,3,3
"ASV6851",10,25,1,3,32,9
"ASV8044",10,25,1,3,32,9
"ASV10075",10,25,1,3,32,9
"ASV11898",10,25,1,3,32,9
"ASV12565",10,25,1,3,32,9
"ASV14203",10,25,1,3,32,9
"ASV16338",10,25,1,3,32,9
"ASV17593",10,25,1,3,32,9
"ASV19901",10,25,1,3,32,9
"ASV21287",10,25,1,3,32,9
"ASV21518",10,25,1,3,32,9
"ASV24445",10,25,1,3,32,9
"ASV28863",10,25,1,3,32,9
"ASV29769",10,25,1,3,32,9
"ASV32209",10,25,1,3,32,9
"ASV33590",10,25,1,3,32,9
"ASV33642",10,25,1,3,32,9
"ASV34404",10,25,1,3,32,9
"ASV34863",10,25,1,3,32,9
"ASV36793",10,25,1,3,32,9
"ASV37048",10,25,1,3,32,9
"ASV37624",10,25,1,3,32,9
"ASV42076",10,25,1,3,32,9
"ASV42128",10,25,1,3,32,9
"ASV48626",10,25,1,3,32,9
"ASV51303",10,25,1,3,32,9
"ASV52199",10,25,1,3,32,9
"ASV53009",10,25,1,3,32,9
"ASV54043",10,25,1,3,32,9
"ASV58825",10,25,1,3,32,9
"ASV59438",10,25,1,3,32,9
"ASV61428",10,25,1,3,32,9
"ASV62592",10,25,1,3,32,9
"ASV66929",10,25,1,3,32,9
"ASV68526",10,25,1,3,32,9
"ASV68835",10,25,1,3,32,9
"ASV69872",10,25,1,3,32,9
"ASV71525",10,25,1,3,32,9
"ASV72516",10,25,1,3,32,9
"ASV74039",10,25,1,3,32,9
"ASV74423",10,25,1,3,32,9
"ASV78821",10,25,1,3,32,9
"ASV81845",10,25,1,3,32,9
"ASV86215",10,25,1,3,32,9
"ASV86814",10,25,1,3,32,9
"ASV88132",10,25,1,3,32,9
"ASV89325",10,25,1,3,32,9
"ASV89849",10,25,1,3,32,9
"ASV90222",10,25,1,3,32,9
"ASV92561",10,25,1,3,32,9
"ASV92977",10,25,1,3,32,9
"ASV102160",10,25,1,3,32,9
"ASV102699",10,25,1,3,32,9
"ASV104922",10,25,1,3,32,9
"ASV104984",10,25,1,3,32,9
"ASV106766",10,25,1,3,32,9
"ASV108418",10,25,1,3,32,9
"ASV112363",10,25,1,3,32,9
"ASV113535",10,25,1,3,32,9
"ASV115692",10,25,1,3,32,9
"ASV122326",10,25,1,3,32,9
"ASV122446",10,25,1,3,32,9
"ASV125595",10,25,1,3,32,9
"ASV125826",10,25,1,3,32,9
"ASV127378",10,25,1,3,32,9
"ASV130121",10,25,1,3,32,9
"ASV133011",10,25,1,3,32,9
"ASV135177",10,25,1,3,32,9
"ASV102482",12,51,3,7,28,11
"ASV8773",10,25,1,3,32,9
"ASV8918",10,25,1,3,32,9
"ASV9214",10,25,1,3,32,9
"ASV9231",10,25,1,3,32,9
"ASV9928",10,25,1,3,32,9
"ASV14615",10,25,1,3,32,9
"ASV15059",10,25,1,3,32,9
"ASV18676",10,25,1,3,32,9
"ASV22025",10,25,1,3,32,9
"ASV23823",10,25,1,3,32,9
"ASV25537",10,25,1,3,32,9
"ASV25923",10,25,1,3,32,9
"ASV27316",10,25,1,3,32,9
"ASV27799",10,25,1,3,32,9
"ASV29207",10,25,1,3,32,9
"ASV30455",10,25,1,3,32,9
"ASV32888",10,25,1,3,32,9
"ASV35635",10,25,1,3,32,9
"ASV37229",10,25,1,3,32,9
"ASV40036",10,25,1,3,32,9
"ASV48265",10,25,1,3,32,9
"ASV48406",10,25,1,3,32,9
"ASV50346",10,25,1,3,32,9
"ASV50762",10,25,1,3,32,9
"ASV52060",10,25,1,3,32,9
"ASV55754",10,25,1,3,32,9
"ASV56037",10,25,1,3,32,9
"ASV57068",10,25,1,3,32,9
"ASV58288",10,25,1,3,32,9
"ASV69936",10,25,1,3,32,9
"ASV71233",10,25,1,3,32,9
"ASV71288",10,25,1,3,32,9
"ASV71317",10,25,1,3,32,9
"ASV73318",10,25,1,3,32,9
"ASV73640",10,25,1,3,32,9
"ASV77788",10,25,1,3,32,9
"ASV78566",10,25,1,3,32,9
"ASV78896",10,25,1,3,32,9
"ASV79891",10,25,1,3,32,9
"ASV90175",10,25,1,3,32,9
"ASV92063",10,25,1,3,32,9
"ASV92943",10,25,1,3,32,9
"ASV94176",10,25,1,3,32,9
"ASV95970",10,25,1,3,32,9
"ASV97017",10,25,1,3,32,9
"ASV98432",10,25,1,3,32,9
"ASV100305",10,25,1,3,32,9
"ASV102258",10,25,1,3,32,9
"ASV102401",10,25,1,3,32,9
"ASV103875",10,25,1,3,32,9
"ASV105492",10,25,1,3,32,9
"ASV108083",10,25,1,3,32,9
"ASV111163",10,25,1,3,32,9
"ASV112423",10,25,1,3,32,9
"ASV113383",10,25,1,3,32,9
"ASV113798",10,25,1,3,32,9
"ASV114945",10,25,1,3,32,9
"ASV116701",10,25,1,3,32,9
"ASV117197",10,25,1,3,32,9
"ASV123556",10,25,1,3,32,9
"ASV123725",10,25,1,3,32,9
"ASV126297",10,25,1,3,32,9
"ASV127854",10,25,1,3,32,9
"ASV129203",10,25,1,3,32,9
"ASV130106",10,25,1,3,32,9
"ASV133148",10,25,1,3,32,9
"ASV135354",10,25,1,3,32,9
