"node","community"
"ASV2",1
"ASV61",1
"ASV66",2
"ASV69",3
"ASV422",2
"ASV481",3
"ASV495",1
"ASV637",4
"ASV710",4
"ASV745",2
"ASV752",2
"ASV769",4
"ASV773",3
"ASV782",1
"ASV839",5
"ASV843",6
"ASV863",4
"ASV986",2
"ASV1005",2
"ASV1035",7
"ASV1070",3
"ASV1093",3
"ASV1101",3
"ASV1114",3
"ASV1164",5
"ASV1212",5
"ASV1261",1
"ASV1330",1
"ASV1354",2
"ASV1399",2
"ASV1432",1
"ASV1457",4
"ASV1486",1
"ASV1500",3
"ASV1645",5
"ASV1649",1
"ASV1653",3
"ASV1729",4
"ASV1783",1
"ASV1833",1
"ASV1885",1
"ASV1892",1
"ASV2016",4
"ASV2187",1
"ASV2192",5
"ASV2321",4
"ASV2394",2
"ASV2432",8
"ASV2529",2
"ASV2544",1
"ASV2610",1
"ASV2646",4
"ASV2661",1
"ASV2690",1
"ASV2779",2
"ASV2785",1
"ASV2902",2
"ASV2950",5
"ASV2996",1
"ASV3123",5
"ASV3242",4
"ASV3359",2
"ASV3430",4
"ASV3451",4
"ASV3480",5
"ASV3520",3
"ASV3527",5
"ASV3578",2
"ASV3596",3
"ASV3599",5
"ASV3601",2
"ASV3666",4
"ASV3667",4
"ASV3726",3
"ASV3827",1
"ASV3911",1
"ASV4000",2
"ASV4027",2
"ASV4094",1
"ASV4146",4
"ASV4158",1
"ASV4172",3
"ASV4182",4
"ASV4187",2
"ASV4195",2
"ASV4257",4
"ASV4438",1
"ASV4445",5
"ASV4466",2
"ASV4595",4
"ASV4689",3
"ASV4742",2
"ASV4814",2
"ASV4851",3
"ASV4913",2
"ASV4919",3
"ASV5049",1
"ASV5066",1
"ASV5160",2
"ASV5190",2
"ASV5289",5
"ASV5321",2
"ASV5341",5
"ASV5536",3
"ASV5586",1
"ASV5605",9
"ASV5635",5
"ASV5650",3
"ASV5670",1
"ASV5689",2
"ASV5778",9
"ASV5829",1
"ASV5854",5
"ASV5880",4
"ASV5894",5
"ASV5904",2
"ASV5909",3
"ASV5918",4
"ASV6048",4
"ASV6137",4
"ASV6138",1
"ASV6176",3
"ASV6201",3
"ASV6235",3
"ASV6332",3
"ASV6353",2
"ASV6406",1
"ASV6430",5
"ASV6557",9
"ASV6568",4
"ASV6639",1
"ASV6772",3
"ASV6910",1
"ASV6930",1
"ASV6951",2
"ASV6976",1
"ASV7006",3
"ASV7014",4
"ASV7030",4
"ASV7059",5
"ASV7069",1
"ASV7116",3
"ASV7148",4
"ASV7275",4
"ASV7281",5
"ASV7352",4
"ASV7452",1
"ASV7472",5
"ASV7486",3
"ASV7512",2
"ASV7538",4
"ASV7623",1
"ASV7690",1
"ASV7837",4
"ASV7840",4
"ASV7855",2
"ASV7970",1
"ASV8034",1
"ASV8055",4
"ASV8063",1
"ASV8157",2
"ASV8210",5
"ASV8377",3
"ASV8389",5
"ASV8402",9
"ASV8417",5
"ASV8429",3
"ASV8577",3
"ASV8629",1
"ASV8639",1
"ASV8696",2
"ASV8850",3
"ASV8851",5
"ASV8879",5
"ASV9037",3
"ASV9101",2
"ASV9151",3
"ASV9277",10
"ASV9400",2
"ASV9414",5
"ASV9422",5
"ASV9463",5
"ASV9472",5
"ASV9475",2
"ASV9570",3
"ASV9614",1
"ASV9722",5
"ASV9729",2
"ASV9764",5
"ASV9774",2
"ASV9793",3
"ASV9832",1
"ASV9942",1
"ASV9979",2
"ASV10054",5
"ASV10072",2
"ASV10080",2
"ASV10088",1
"ASV10114",2
"ASV10163",1
"ASV10188",2
"ASV10211",3
"ASV10258",2
"ASV10265",3
"ASV10314",5
"ASV10323",2
"ASV10340",3
"ASV10416",3
"ASV10445",2
"ASV10447",3
"ASV10453",1
"ASV10488",3
"ASV10557",1
"ASV10620",2
"ASV10625",3
"ASV10649",2
"ASV10674",3
"ASV10681",1
"ASV10767",5
"ASV10776",4
"ASV10796",1
"ASV10829",3
"ASV10839",2
"ASV10899",2
"ASV10915",1
"ASV10952",1
"ASV10999",9
"ASV11001",1
"ASV11029",1
"ASV11055",5
"ASV11071",1
"ASV11072",1
"ASV11077",5
"ASV11130",1
"ASV11141",1
"ASV11157",2
"ASV11197",2
"ASV11245",3
"ASV11357",1
"ASV11441",1
"ASV11459",3
"ASV11464",3
"ASV11523",2
"ASV11539",3
"ASV11588",4
"ASV11619",3
"ASV11641",3
"ASV11681",5
"ASV11699",5
"ASV11721",2
"ASV11728",3
"ASV11776",2
"ASV11780",1
"ASV11784",2
"ASV11863",4
"ASV11911",4
"ASV11979",1
"ASV12043",10
"ASV12048",3
"ASV12056",4
"ASV12091",3
"ASV12115",2
"ASV12125",1
"ASV12163",8
"ASV12182",2
"ASV12260",4
"ASV12323",2
"ASV12414",2
"ASV12485",2
"ASV12487",5
"ASV12519",2
"ASV12589",2
"ASV12625",3
"ASV12646",2
"ASV12725",3
"ASV12743",3
"ASV12815",5
"ASV12898",4
"ASV12900",1
"ASV12926",3
"ASV12953",5
"ASV13019",3
"ASV13105",4
"ASV13153",1
"ASV13235",1
"ASV13263",4
"ASV13298",2
"ASV13406",2
"ASV13445",3
"ASV13570",3
"ASV13583",2
"ASV13650",3
"ASV13697",3
"ASV13796",4
"ASV13905",2
"ASV13939",2
"ASV14022",5
"ASV14067",2
"ASV14107",1
"ASV14134",2
"ASV14145",2
"ASV14151",4
"ASV14156",5
"ASV14174",1
"ASV14184",2
"ASV14192",1
"ASV14251",2
"ASV14332",4
"ASV14432",5
"ASV14449",1
"ASV14540",1
"ASV14582",2
"ASV14651",4
"ASV14705",1
"ASV14812",2
"ASV14817",2
"ASV14871",4
"ASV14957",1
"ASV14982",2
"ASV15013",3
"ASV15027",3
"ASV15125",3
"ASV15160",2
"ASV15177",9
"ASV15246",3
"ASV15342",5
"ASV15459",5
"ASV15488",5
"ASV15525",7
"ASV15562",2
"ASV15662",10
"ASV15751",3
"ASV15756",2
"ASV15786",3
"ASV15808",2
"ASV15832",1
"ASV15862",1
"ASV15868",9
"ASV15900",3
"ASV15944",1
"ASV15945",2
"ASV15981",8
"ASV16381",1
"ASV16425",3
"ASV16486",2
"ASV16499",2
"ASV16532",4
"ASV16614",5
"ASV16632",1
"ASV16741",1
"ASV16891",5
"ASV16899",2
"ASV16905",3
"ASV16921",6
"ASV16926",1
"ASV16955",5
"ASV16956",3
"ASV16976",1
"ASV17037",5
"ASV17079",1
"ASV17156",1
"ASV17161",5
"ASV17197",5
"ASV17217",2
"ASV17246",1
"ASV17318",4
"ASV17400",5
"ASV17515",2
"ASV17534",2
"ASV17551",2
"ASV17552",5
"ASV17555",1
"ASV17665",2
"ASV17710",5
"ASV17751",3
"ASV17783",9
"ASV17797",1
"ASV17863",10
"ASV18004",5
"ASV18042",2
"ASV18093",3
"ASV18097",3
"ASV18237",3
"ASV18262",10
"ASV18297",3
"ASV18303",2
"ASV18312",2
"ASV18465",2
"ASV18473",2
"ASV18504",5
"ASV18506",3
"ASV18596",5
"ASV18637",2
"ASV18677",2
"ASV18769",4
"ASV18835",4
"ASV18866",4
"ASV18887",3
"ASV18973",3
"ASV19018",5
"ASV19055",5
"ASV19089",3
"ASV19103",1
"ASV19105",2
"ASV19144",5
"ASV19145",3
"ASV19147",4
"ASV19260",4
"ASV19264",3
"ASV19294",3
"ASV19369",4
"ASV19471",3
"ASV19512",1
"ASV19558",3
"ASV19692",2
"ASV19735",3
"ASV19753",5
"ASV19844",3
"ASV20053",3
"ASV20070",5
"ASV20138",1
"ASV20174",3
"ASV20232",5
"ASV20288",2
"ASV20292",1
"ASV20301",1
"ASV20302",5
"ASV20324",4
"ASV20364",4
"ASV20430",4
"ASV20432",5
"ASV20443",5
"ASV20491",1
"ASV20526",3
"ASV20530",5
"ASV20562",1
"ASV20583",1
"ASV20719",3
"ASV20725",4
"ASV20745",2
"ASV20812",3
"ASV20820",2
"ASV20846",10
"ASV20855",3
"ASV20952",2
"ASV21053",5
"ASV21056",1
"ASV21066",1
"ASV21079",1
"ASV21131",2
"ASV21239",2
"ASV21314",5
"ASV21353",2
"ASV21398",2
"ASV21441",3
"ASV21445",1
"ASV21470",1
"ASV21496",1
"ASV21582",3
"ASV21592",2
"ASV21608",1
"ASV21689",3
"ASV21726",3
"ASV21738",3
"ASV21771",2
"ASV21854",4
"ASV21941",1
"ASV21981",2
"ASV22048",2
"ASV22057",2
"ASV22075",1
"ASV22079",2
"ASV22123",2
"ASV22152",3
"ASV22278",3
"ASV22330",4
"ASV22345",1
"ASV22395",4
"ASV22417",6
"ASV22454",4
"ASV22504",2
"ASV22567",1
"ASV22578",4
"ASV22581",2
"ASV22617",4
"ASV22665",11
"ASV22677",2
"ASV22755",4
"ASV22927",4
"ASV22930",1
"ASV22953",2
"ASV23105",1
"ASV23127",2
"ASV23144",10
"ASV23146",3
"ASV23156",2
"ASV23175",4
"ASV23178",2
"ASV23187",2
"ASV23337",4
"ASV23464",4
"ASV23507",2
"ASV23509",2
"ASV23534",5
"ASV23550",1
"ASV23613",2
"ASV23618",3
"ASV23655",1
"ASV23673",1
"ASV23701",2
"ASV23778",1
"ASV23792",1
"ASV23796",1
"ASV23816",5
"ASV23835",3
"ASV23887",1
"ASV23921",3
"ASV24135",4
"ASV24136",2
"ASV24150",1
"ASV24167",3
"ASV24172",5
"ASV24192",1
"ASV24212",1
"ASV24351",2
"ASV24435",5
"ASV24524",1
"ASV24527",2
"ASV24574",3
"ASV24582",2
"ASV24615",5
"ASV24636",3
"ASV24664",3
"ASV24706",3
"ASV24806",4
"ASV24826",1
"ASV24869",5
"ASV24882",1
"ASV24926",3
"ASV24947",5
"ASV24959",1
"ASV24993",1
"ASV25033",4
"ASV25160",2
"ASV25244",1
"ASV25266",3
"ASV25427",1
"ASV25445",3
"ASV25542",1
"ASV25576",9
"ASV25601",2
"ASV25645",1
"ASV25658",1
"ASV25683",9
"ASV25753",3
"ASV25763",3
"ASV25791",5
"ASV25828",2
"ASV25845",7
"ASV25848",1
"ASV25950",2
"ASV25990",1
"ASV26008",4
"ASV26043",3
"ASV26060",2
"ASV26141",2
"ASV26171",5
"ASV26201",4
"ASV26296",8
"ASV26302",2
"ASV26364",5
"ASV26379",2
"ASV26414",3
"ASV26468",4
"ASV26548",4
"ASV26557",5
"ASV26567",1
"ASV26698",1
"ASV26719",5
"ASV26768",3
"ASV26827",2
"ASV26869",1
"ASV26899",3
"ASV26929",5
"ASV26958",5
"ASV27019",2
"ASV27023",4
"ASV27027",1
"ASV27060",5
"ASV27061",1
"ASV27072",3
"ASV27112",2
"ASV27122",3
"ASV27141",5
"ASV27222",3
"ASV27231",2
"ASV27246",2
"ASV27292",2
"ASV27340",3
"ASV27383",1
"ASV27401",2
"ASV27427",2
"ASV27430",1
"ASV27482",5
"ASV27582",3
"ASV27611",3
"ASV27621",11
"ASV27627",3
"ASV27653",2
"ASV27710",1
"ASV27711",3
"ASV27748",5
"ASV27766",3
"ASV27773",2
"ASV27783",2
"ASV27862",4
"ASV27953",3
"ASV28007",3
"ASV28026",2
"ASV28029",2
"ASV28079",3
"ASV28126",2
"ASV28166",1
"ASV28204",1
"ASV28224",1
"ASV28308",1
"ASV28311",2
"ASV28338",1
"ASV28365",3
"ASV28385",1
"ASV28537",5
"ASV28538",2
"ASV28540",4
"ASV28597",1
"ASV28693",3
"ASV28798",3
"ASV28810",1
"ASV28866",3
"ASV28876",5
"ASV28880",11
"ASV28934",2
"ASV28955",2
"ASV28957",2
"ASV28979",2
"ASV29111",3
"ASV29166",4
"ASV29180",5
"ASV29185",3
"ASV29202",2
"ASV29263",1
"ASV29314",2
"ASV29428",5
"ASV29436",3
"ASV29467",1
"ASV29597",3
"ASV29613",3
"ASV29736",1
"ASV29806",1
"ASV29850",3
"ASV29860",2
"ASV29870",3
"ASV29926",3
"ASV29991",1
"ASV29994",2
"ASV30251",3
"ASV30253",1
"ASV30419",5
"ASV30573",3
"ASV30591",4
"ASV30723",2
"ASV30740",5
"ASV30787",3
"ASV30855",3
"ASV30874",2
"ASV30929",4
"ASV31092",1
"ASV31111",3
"ASV31191",3
"ASV31223",1
"ASV31320",2
"ASV31322",3
"ASV31342",5
"ASV31375",2
"ASV31386",1
"ASV31412",2
"ASV31419",5
"ASV31545",2
"ASV31558",5
"ASV31633",2
"ASV31650",4
"ASV31664",5
"ASV31665",2
"ASV31705",5
"ASV31729",9
"ASV31746",1
"ASV31817",3
"ASV31849",5
"ASV31860",5
"ASV31895",5
"ASV31948",3
"ASV32078",5
"ASV32139",3
"ASV32163",1
"ASV32194",2
"ASV32197",1
"ASV32334",4
"ASV32376",2
"ASV32417",1
"ASV32633",4
"ASV32725",2
"ASV32767",1
"ASV32789",2
"ASV32867",3
"ASV32873",1
"ASV32875",11
"ASV32898",5
"ASV32953",3
"ASV32954",1
"ASV32980",5
"ASV33130",1
"ASV33169",2
"ASV33179",2
"ASV33219",2
"ASV33263",5
"ASV33330",3
"ASV33335",3
"ASV33350",2
"ASV33407",1
"ASV33430",3
"ASV33469",2
"ASV33503",6
"ASV33571",3
"ASV33610",2
"ASV33669",2
"ASV33674",4
"ASV33743",3
"ASV33744",2
"ASV33852",5
"ASV33864",5
"ASV33874",1
"ASV33935",3
"ASV33970",4
"ASV33997",2
"ASV34024",3
"ASV34041",1
"ASV34087",5
"ASV34115",2
"ASV34163",5
"ASV34188",1
"ASV34210",3
"ASV34218",2
"ASV34247",2
"ASV34248",1
"ASV34267",3
"ASV34293",4
"ASV34306",2
"ASV34319",4
"ASV34334",2
"ASV34343",1
"ASV34438",1
"ASV34502",2
"ASV34552",2
"ASV34567",3
"ASV34588",1
"ASV34631",2
"ASV34647",1
"ASV34769",5
"ASV34831",2
"ASV34845",4
"ASV34877",3
"ASV34927",1
"ASV34960",2
"ASV34993",1
"ASV35049",5
"ASV35051",2
"ASV35054",6
"ASV35061",1
"ASV35160",1
"ASV35239",2
"ASV35303",4
"ASV35332",2
"ASV35408",7
"ASV35539",3
"ASV35564",2
"ASV35574",2
"ASV35623",1
"ASV35630",4
"ASV35672",4
"ASV35766",4
"ASV35768",2
"ASV35918",5
"ASV35927",1
"ASV36052",2
"ASV36056",4
"ASV36122",3
"ASV36180",3
"ASV36198",3
"ASV36204",1
"ASV36261",3
"ASV36270",3
"ASV36358",4
"ASV36360",5
"ASV36386",3
"ASV36499",1
"ASV36505",3
"ASV36544",5
"ASV36638",3
"ASV36672",5
"ASV36696",2
"ASV36777",1
"ASV36785",1
"ASV36808",5
"ASV36819",3
"ASV36852",1
"ASV36953",3
"ASV36958",3
"ASV37065",1
"ASV37154",1
"ASV37226",9
"ASV37237",5
"ASV37276",3
"ASV37306",1
"ASV37395",2
"ASV37405",3
"ASV37465",2
"ASV37500",2
"ASV37660",1
"ASV37698",2
"ASV37715",3
"ASV37741",2
"ASV37762",3
"ASV37782",1
"ASV37842",4
"ASV37895",3
"ASV37899",3
"ASV37911",1
"ASV37984",5
"ASV37989",3
"ASV38066",3
"ASV38070",1
"ASV38080",1
"ASV38082",2
"ASV38098",5
"ASV38133",2
"ASV38181",6
"ASV38219",1
"ASV38403",3
"ASV38407",4
"ASV38414",5
"ASV38473",5
"ASV38477",2
"ASV38516",1
"ASV38523",3
"ASV38555",2
"ASV38582",1
"ASV38689",1
"ASV38758",2
"ASV38774",2
"ASV38819",4
"ASV38878",2
"ASV38909",3
"ASV38972",1
"ASV38991",1
"ASV39001",2
"ASV39021",5
"ASV39046",2
"ASV39076",5
"ASV39085",2
"ASV39102",5
"ASV39159",3
"ASV39264",2
"ASV39287",4
"ASV39464",1
"ASV39542",3
"ASV39585",1
"ASV39648",5
"ASV39655",2
"ASV39718",3
"ASV39746",5
"ASV39799",1
"ASV39805",3
"ASV39813",3
"ASV39816",3
"ASV39907",8
"ASV39924",2
"ASV39938",3
"ASV39945",2
"ASV39966",5
"ASV39993",3
"ASV40042",2
"ASV40135",4
"ASV40142",4
"ASV40157",2
"ASV40254",2
"ASV40330",3
"ASV40447",2
"ASV40449",3
"ASV40450",3
"ASV40455",1
"ASV40474",2
"ASV40503",1
"ASV40556",8
"ASV40575",1
"ASV40609",1
"ASV40633",3
"ASV40656",1
"ASV40686",3
"ASV40698",1
"ASV40733",3
"ASV40754",5
"ASV40774",1
"ASV40792",5
"ASV40883",2
"ASV40930",1
"ASV40941",9
"ASV41030",3
"ASV41059",3
"ASV41071",1
"ASV41082",2
"ASV41099",3
"ASV41111",5
"ASV41130",1
"ASV41140",9
"ASV41167",5
"ASV41204",2
"ASV41217",2
"ASV41250",2
"ASV41322",3
"ASV41356",1
"ASV41359",2
"ASV41447",5
"ASV41453",2
"ASV41475",1
"ASV41481",5
"ASV41549",2
"ASV41571",5
"ASV41587",5
"ASV41661",5
"ASV41666",3
"ASV41707",3
"ASV41790",1
"ASV41865",2
"ASV41872",2
"ASV41898",3
"ASV41988",2
"ASV42145",4
"ASV42180",5
"ASV42243",2
"ASV42282",3
"ASV42304",1
"ASV42331",5
"ASV42335",2
"ASV42381",5
"ASV42435",2
"ASV42442",3
"ASV42479",1
"ASV42489",1
"ASV42493",1
"ASV42560",3
"ASV42570",2
"ASV42644",4
"ASV42658",5
"ASV42689",1
"ASV42734",2
"ASV42738",3
"ASV42811",3
"ASV42873",1
"ASV42891",2
"ASV42930",3
"ASV42931",5
"ASV43051",1
"ASV43107",3
"ASV43130",4
"ASV43201",2
"ASV43211",3
"ASV43214",2
"ASV43358",4
"ASV43389",2
"ASV43412",1
"ASV43428",1
"ASV43458",4
"ASV43524",2
"ASV43562",3
"ASV43611",3
"ASV43633",3
"ASV43647",2
"ASV43691",1
"ASV43698",1
"ASV43783",4
"ASV43813",2
"ASV43865",2
"ASV43901",3
"ASV43933",4
"ASV43968",5
"ASV44001",5
"ASV44008",5
"ASV44031",3
"ASV44047",2
"ASV44048",3
"ASV44142",4
"ASV44251",5
"ASV44258",4
"ASV44318",3
"ASV44417",5
"ASV44460",1
"ASV44475",9
"ASV44493",2
"ASV44529",2
"ASV44531",2
"ASV44584",3
"ASV44616",4
"ASV44652",5
"ASV44680",1
"ASV44686",3
"ASV44703",1
"ASV44742",2
"ASV44859",3
"ASV44985",3
"ASV45024",4
"ASV45047",1
"ASV45177",3
"ASV45187",2
"ASV45211",4
"ASV45212",1
"ASV45263",1
"ASV45301",1
"ASV45407",1
"ASV45414",2
"ASV45494",4
"ASV45571",4
"ASV45644",3
"ASV45691",1
"ASV45717",1
"ASV45771",4
"ASV45787",5
"ASV45788",2
"ASV45870",3
"ASV45890",4
"ASV45914",2
"ASV46019",1
"ASV46053",2
"ASV46067",2
"ASV46068",2
"ASV46208",1
"ASV46223",5
"ASV46229",3
"ASV46258",1
"ASV46303",4
"ASV46514",2
"ASV46544",1
"ASV46558",2
"ASV46740",5
"ASV46762",2
"ASV46798",2
"ASV46831",1
"ASV46889",3
"ASV46931",5
"ASV46932",2
"ASV47062",2
"ASV47065",2
"ASV47073",5
"ASV47100",5
"ASV47104",5
"ASV47176",1
"ASV47284",3
"ASV47289",2
"ASV47437",5
"ASV47487",1
"ASV47489",4
"ASV47524",1
"ASV47526",2
"ASV47585",1
"ASV47593",4
"ASV47677",2
"ASV47758",2
"ASV47820",1
"ASV47832",5
"ASV48074",5
"ASV48138",2
"ASV48141",1
"ASV48143",1
"ASV48165",5
"ASV48169",5
"ASV48241",5
"ASV48282",5
"ASV48319",2
"ASV48345",4
"ASV48361",2
"ASV48494",3
"ASV48557",4
"ASV48569",1
"ASV48607",2
"ASV48634",2
"ASV48690",1
"ASV48738",5
"ASV48747",3
"ASV48757",2
"ASV48768",5
"ASV48817",2
"ASV48837",2
"ASV48873",5
"ASV48900",1
"ASV48905",2
"ASV48946",2
"ASV48987",2
"ASV49019",2
"ASV49047",4
"ASV49057",5
"ASV49064",2
"ASV49209",2
"ASV49258",5
"ASV49321",10
"ASV49526",1
"ASV49529",4
"ASV49548",2
"ASV49585",2
"ASV49635",1
"ASV49643",2
"ASV49658",2
"ASV49671",4
"ASV49676",5
"ASV49727",2
"ASV49801",1
"ASV49901",1
"ASV49944",2
"ASV50013",2
"ASV50062",5
"ASV50096",10
"ASV50098",5
"ASV50142",5
"ASV50249",4
"ASV50316",9
"ASV50327",1
"ASV50398",2
"ASV50399",5
"ASV50442",3
"ASV50496",2
"ASV50512",2
"ASV50513",2
"ASV50515",5
"ASV50521",4
"ASV50567",1
"ASV50597",7
"ASV50664",4
"ASV50680",2
"ASV50716",2
"ASV50732",3
"ASV50852",5
"ASV50897",2
"ASV50932",5
"ASV50945",10
"ASV51021",5
"ASV51053",5
"ASV51076",4
"ASV51122",5
"ASV51137",3
"ASV51173",1
"ASV51179",2
"ASV51187",5
"ASV51274",4
"ASV51298",5
"ASV51343",1
"ASV51377",1
"ASV51501",1
"ASV51543",2
"ASV51650",4
"ASV51666",3
"ASV51719",5
"ASV51761",5
"ASV51813",5
"ASV51901",2
"ASV51969",2
"ASV52072",5
"ASV52158",4
"ASV52229",4
"ASV52269",1
"ASV52324",3
"ASV52622",3
"ASV52635",2
"ASV52636",5
"ASV52642",5
"ASV52657",3
"ASV52683",2
"ASV52721",4
"ASV52790",2
"ASV53001",2
"ASV53034",5
"ASV53077",1
"ASV53157",3
"ASV53248",4
"ASV53324",1
"ASV53602",2
"ASV53607",5
"ASV53642",1
"ASV53679",2
"ASV53696",4
"ASV53790",5
"ASV53795",5
"ASV53818",1
"ASV53836",4
"ASV53982",2
"ASV53987",2
"ASV53989",2
"ASV54023",1
"ASV54076",4
"ASV54092",3
"ASV54146",4
"ASV54188",4
"ASV54199",3
"ASV54202",2
"ASV54288",3
"ASV54295",2
"ASV54312",2
"ASV54326",2
"ASV54343",2
"ASV54373",5
"ASV54472",4
"ASV54605",4
"ASV54644",1
"ASV54653",4
"ASV54657",2
"ASV54680",2
"ASV54686",3
"ASV54695",2
"ASV54858",4
"ASV54887",1
"ASV54895",1
"ASV54917",4
"ASV54925",4
"ASV54937",4
"ASV55004",2
"ASV55096",2
"ASV55144",5
"ASV55186",5
"ASV55187",3
"ASV55269",1
"ASV55457",1
"ASV55466",5
"ASV55537",4
"ASV55549",3
"ASV55612",4
"ASV55615",3
"ASV55712",1
"ASV55751",2
"ASV55761",1
"ASV55796",4
"ASV55810",3
"ASV55824",4
"ASV55839",5
"ASV55880",4
"ASV55886",1
"ASV55889",2
"ASV55894",2
"ASV55972",2
"ASV56107",1
"ASV56151",4
"ASV56157",2
"ASV56166",1
"ASV56187",1
"ASV56212",5
"ASV56264",1
"ASV56344",2
"ASV56349",3
"ASV56474",1
"ASV56479",5
"ASV56492",1
"ASV56500",2
"ASV56563",2
"ASV56638",1
"ASV56703",1
"ASV56729",2
"ASV56739",4
"ASV56772",1
"ASV56804",3
"ASV57115",5
"ASV57119",1
"ASV57227",5
"ASV57239",2
"ASV57446",3
"ASV57464",4
"ASV57467",4
"ASV57502",2
"ASV57511",5
"ASV57525",2
"ASV57528",2
"ASV57895",4
"ASV57896",3
"ASV57988",4
"ASV58007",5
"ASV58017",5
"ASV58078",1
"ASV58134",1
"ASV58213",1
"ASV58234",3
"ASV58295",1
"ASV58342",2
"ASV58412",1
"ASV58413",4
"ASV58438",1
"ASV58457",2
"ASV58486",5
"ASV58529",3
"ASV58561",2
"ASV58618",4
"ASV58627",4
"ASV58699",2
"ASV58710",5
"ASV58727",1
"ASV58903",3
"ASV58931",2
"ASV58973",5
"ASV59047",3
"ASV59102",2
"ASV59157",5
"ASV59289",1
"ASV59359",5
"ASV59406",2
"ASV59421",2
"ASV59478",5
"ASV59609",1
"ASV59642",5
"ASV59658",5
"ASV59660",5
"ASV59795",2
"ASV59868",5
"ASV59900",2
"ASV59980",4
"ASV60122",1
"ASV60375",2
"ASV60418",2
"ASV60497",1
"ASV60512",5
"ASV60575",3
"ASV60589",2
"ASV60620",2
"ASV60642",5
"ASV60745",1
"ASV60837",4
"ASV60904",1
"ASV60921",4
"ASV60951",1
"ASV61011",2
"ASV61061",2
"ASV61122",2
"ASV61127",5
"ASV61138",4
"ASV61181",9
"ASV61212",4
"ASV61285",2
"ASV61298",5
"ASV61311",2
"ASV61312",2
"ASV61339",2
"ASV61350",5
"ASV61380",1
"ASV61391",3
"ASV61399",2
"ASV61419",3
"ASV61469",4
"ASV61496",1
"ASV61544",5
"ASV61754",1
"ASV61901",2
"ASV61959",3
"ASV61968",5
"ASV62078",4
"ASV62165",4
"ASV62202",2
"ASV62294",3
"ASV62363",2
"ASV62372",3
"ASV62376",2
"ASV62386",3
"ASV62446",2
"ASV62542",3
"ASV62596",1
"ASV62613",1
"ASV62642",1
"ASV62648",2
"ASV62693",1
"ASV62929",1
"ASV63074",3
"ASV63108",5
"ASV63140",2
"ASV63168",5
"ASV63279",5
"ASV63297",4
"ASV63396",5
"ASV63417",2
"ASV63435",5
"ASV63563",5
"ASV63618",4
"ASV63625",1
"ASV63697",3
"ASV63748",1
"ASV63756",11
"ASV63772",4
"ASV63804",2
"ASV63830",1
"ASV63861",1
"ASV63920",1
"ASV63997",5
"ASV64049",2
"ASV64201",3
"ASV64292",2
"ASV64336",2
"ASV64362",2
"ASV64475",4
"ASV64627",5
"ASV64763",4
"ASV64764",4
"ASV64834",1
"ASV64862",5
"ASV64935",5
"ASV64954",5
"ASV65034",1
"ASV65054",3
"ASV65094",2
"ASV65140",2
"ASV65162",1
"ASV65240",2
"ASV65250",4
"ASV65261",4
"ASV65289",4
"ASV65332",2
"ASV65358",2
"ASV65421",4
"ASV65433",1
"ASV65439",5
"ASV65496",2
"ASV65684",2
"ASV65767",2
"ASV65770",1
"ASV65791",3
"ASV65815",3
"ASV65870",2
"ASV65980",2
"ASV65998",3
"ASV66009",4
"ASV66137",5
"ASV66175",2
"ASV66188",2
"ASV66201",2
"ASV66205",5
"ASV66264",2
"ASV66292",1
"ASV66365",5
"ASV66410",2
"ASV66476",2
"ASV66580",2
"ASV66584",2
"ASV66691",1
"ASV66829",1
"ASV66931",2
"ASV67024",3
"ASV67043",2
"ASV67136",2
"ASV67148",1
"ASV67259",1
"ASV67272",3
"ASV67363",3
"ASV67412",4
"ASV67453",1
"ASV67472",2
"ASV67479",5
"ASV67519",1
"ASV67527",1
"ASV67746",2
"ASV67748",3
"ASV67765",8
"ASV67829",5
"ASV67876",3
"ASV67917",2
"ASV67931",1
"ASV67964",2
"ASV67975",5
"ASV68008",1
"ASV68016",3
"ASV68072",1
"ASV68085",4
"ASV68089",2
"ASV68117",3
"ASV68126",3
"ASV68162",4
"ASV68168",1
"ASV68174",1
"ASV68210",3
"ASV68264",1
"ASV68284",3
"ASV68335",5
"ASV68384",1
"ASV68406",5
"ASV68476",5
"ASV68505",2
"ASV68553",5
"ASV68580",1
"ASV68686",4
"ASV68798",4
"ASV68815",1
"ASV68816",5
"ASV69007",1
"ASV69025",2
"ASV69037",5
"ASV69081",2
"ASV69135",5
"ASV69166",2
"ASV69173",4
"ASV69234",3
"ASV69297",1
"ASV69313",1
"ASV69378",3
"ASV69384",9
"ASV69419",5
"ASV69525",2
"ASV69590",1
"ASV69636",3
"ASV69683",1
"ASV69767",4
"ASV69778",3
"ASV69831",6
"ASV69934",4
"ASV69952",2
"ASV69970",2
"ASV69996",5
"ASV70068",3
"ASV70131",3
"ASV70188",1
"ASV70195",1
"ASV70282",3
"ASV70297",3
"ASV70305",1
"ASV70329",5
"ASV70350",2
"ASV70360",2
"ASV70440",1
"ASV70464",5
"ASV70502",4
"ASV70529",2
"ASV70537",7
"ASV70545",3
"ASV70583",1
"ASV70620",3
"ASV70627",5
"ASV70630",2
"ASV70636",5
"ASV70693",2
"ASV70714",1
"ASV70726",3
"ASV70770",4
"ASV70794",5
"ASV70833",5
"ASV70871",1
"ASV70879",3
"ASV70883",5
"ASV70887",1
"ASV70920",2
"ASV70965",10
"ASV71033",5
"ASV71108",1
"ASV71175",4
"ASV71197",2
"ASV71219",2
"ASV71249",3
"ASV71342",4
"ASV71386",2
"ASV71470",3
"ASV71512",3
"ASV71521",3
"ASV71536",3
"ASV71567",1
"ASV71576",2
"ASV71810",1
"ASV71912",5
"ASV71956",4
"ASV71967",3
"ASV72029",3
"ASV72039",2
"ASV72056",3
"ASV72073",5
"ASV72116",3
"ASV72145",4
"ASV72159",2
"ASV72170",2
"ASV72230",2
"ASV72371",2
"ASV72416",3
"ASV72513",2
"ASV72532",2
"ASV72730",1
"ASV72855",1
"ASV72869",3
"ASV73043",1
"ASV73062",4
"ASV73070",2
"ASV73108",2
"ASV73120",5
"ASV73178",1
"ASV73413",3
"ASV73415",4
"ASV73427",1
"ASV73452",3
"ASV73496",2
"ASV73585",4
"ASV73763",1
"ASV73764",4
"ASV73771",1
"ASV73781",5
"ASV73782",2
"ASV73785",2
"ASV73797",2
"ASV73839",1
"ASV73918",1
"ASV73972",2
"ASV73978",1
"ASV73989",3
"ASV74070",4
"ASV74077",1
"ASV74280",2
"ASV74357",1
"ASV74396",3
"ASV74493",1
"ASV74556",3
"ASV74578",3
"ASV74679",4
"ASV74716",1
"ASV74749",5
"ASV74815",5
"ASV74817",2
"ASV74856",2
"ASV74876",3
"ASV74935",3
"ASV74945",4
"ASV74954",1
"ASV75017",2
"ASV75033",4
"ASV75049",4
"ASV75165",4
"ASV75194",4
"ASV75308",3
"ASV75372",4
"ASV75380",1
"ASV75409",2
"ASV75417",1
"ASV75447",2
"ASV75535",2
"ASV75551",3
"ASV75567",1
"ASV75571",5
"ASV75576",2
"ASV75591",1
"ASV75653",4
"ASV75739",1
"ASV75812",3
"ASV75836",1
"ASV75863",4
"ASV75871",3
"ASV75899",7
"ASV75915",2
"ASV75961",3
"ASV76165",1
"ASV76214",1
"ASV76224",4
"ASV76251",4
"ASV76286",1
"ASV76311",2
"ASV76392",2
"ASV76432",3
"ASV76502",5
"ASV76509",1
"ASV76523",2
"ASV76634",1
"ASV76679",2
"ASV76680",1
"ASV76699",5
"ASV76793",2
"ASV76910",1
"ASV77032",5
"ASV77037",4
"ASV77141",2
"ASV77157",1
"ASV77207",3
"ASV77219",3
"ASV77259",5
"ASV77261",2
"ASV77480",1
"ASV77546",5
"ASV77550",2
"ASV77622",2
"ASV77663",1
"ASV77679",2
"ASV77714",3
"ASV77730",3
"ASV77818",6
"ASV77839",4
"ASV77874",3
"ASV78020",4
"ASV78033",1
"ASV78102",2
"ASV78158",5
"ASV78172",2
"ASV78240",3
"ASV78252",2
"ASV78326",1
"ASV78334",1
"ASV78369",5
"ASV78372",5
"ASV78402",9
"ASV78551",3
"ASV78645",3
"ASV78651",1
"ASV78901",5
"ASV78905",7
"ASV78963",5
"ASV78986",2
"ASV79108",4
"ASV79174",5
"ASV79177",5
"ASV79197",9
"ASV79214",5
"ASV79268",4
"ASV79352",2
"ASV79441",1
"ASV79497",4
"ASV79535",10
"ASV79547",5
"ASV79561",1
"ASV79596",4
"ASV79647",2
"ASV79731",2
"ASV79764",1
"ASV79772",1
"ASV79777",2
"ASV79790",1
"ASV79806",2
"ASV79819",4
"ASV79860",5
"ASV79869",2
"ASV79927",1
"ASV79993",9
"ASV80015",3
"ASV80025",1
"ASV80106",2
"ASV80145",2
"ASV80172",2
"ASV80180",2
"ASV80196",2
"ASV80206",4
"ASV80407",2
"ASV80423",3
"ASV80750",2
"ASV80784",4
"ASV80856",5
"ASV80868",3
"ASV80895",2
"ASV80910",1
"ASV80914",5
"ASV80920",3
"ASV80937",3
"ASV80978",2
"ASV81043",2
"ASV81048",1
"ASV81067",2
"ASV81092",1
"ASV81169",5
"ASV81192",2
"ASV81212",5
"ASV81222",1
"ASV81335",5
"ASV81366",4
"ASV81428",3
"ASV81455",3
"ASV81458",5
"ASV81488",2
"ASV81544",1
"ASV81545",5
"ASV81580",11
"ASV81644",2
"ASV81687",3
"ASV81750",1
"ASV81787",1
"ASV81822",3
"ASV81824",2
"ASV81880",2
"ASV82001",1
"ASV82044",3
"ASV82089",1
"ASV82183",5
"ASV82221",2
"ASV82223",2
"ASV82266",4
"ASV82357",1
"ASV82367",5
"ASV82465",3
"ASV82514",5
"ASV82637",2
"ASV82705",4
"ASV82715",5
"ASV82828",1
"ASV82829",4
"ASV82841",1
"ASV82941",5
"ASV83008",4
"ASV83038",2
"ASV83184",2
"ASV83219",2
"ASV83250",1
"ASV83287",2
"ASV83351",4
"ASV83395",4
"ASV83406",3
"ASV83440",3
"ASV83577",2
"ASV83666",3
"ASV83685",3
"ASV83805",3
"ASV83947",2
"ASV83949",4
"ASV83966",1
"ASV83968",5
"ASV83972",2
"ASV83996",4
"ASV84012",1
"ASV84038",2
"ASV84044",1
"ASV84111",9
"ASV84263",3
"ASV84285",5
"ASV84287",1
"ASV84321",5
"ASV84382",1
"ASV84438",2
"ASV84451",5
"ASV84491",1
"ASV84493",5
"ASV84540",1
"ASV84625",1
"ASV84652",2
"ASV84687",2
"ASV84711",1
"ASV84727",5
"ASV84729",4
"ASV84791",2
"ASV84866",1
"ASV84926",3
"ASV84928",5
"ASV84938",5
"ASV84992",1
"ASV85077",1
"ASV85100",5
"ASV85121",3
"ASV85198",3
"ASV85216",4
"ASV85342",1
"ASV85441",1
"ASV85472",2
"ASV85631",3
"ASV85656",1
"ASV85684",5
"ASV85836",2
"ASV85957",3
"ASV86026",4
"ASV86212",1
"ASV86258",4
"ASV86274",2
"ASV86287",5
"ASV86331",3
"ASV86404",3
"ASV86477",3
"ASV86531",3
"ASV86558",1
"ASV86564",5
"ASV86640",5
"ASV86647",5
"ASV86655",3
"ASV86711",1
"ASV86842",5
"ASV86859",5
"ASV86877",3
"ASV86940",1
"ASV86977",5
"ASV87146",1
"ASV87168",5
"ASV87180",1
"ASV87190",1
"ASV87265",5
"ASV87304",1
"ASV87316",2
"ASV87340",1
"ASV87394",2
"ASV87461",2
"ASV87720",2
"ASV87755",5
"ASV87817",4
"ASV87854",4
"ASV87956",1
"ASV88018",3
"ASV88057",5
"ASV88242",3
"ASV88246",10
"ASV88268",1
"ASV88280",2
"ASV88305",2
"ASV88428",4
"ASV88493",1
"ASV88548",2
"ASV88551",3
"ASV88580",5
"ASV88600",2
"ASV88641",3
"ASV88689",4
"ASV88794",4
"ASV88919",1
"ASV89017",3
"ASV89045",2
"ASV89111",5
"ASV89321",4
"ASV89387",1
"ASV89399",2
"ASV89440",1
"ASV89447",1
"ASV89520",2
"ASV89532",4
"ASV89577",1
"ASV89601",3
"ASV89650",1
"ASV89651",5
"ASV89658",5
"ASV89672",1
"ASV89694",7
"ASV89737",3
"ASV89835",5
"ASV89867",1
"ASV89918",5
"ASV89947",3
"ASV89948",5
"ASV90035",11
"ASV90111",5
"ASV90117",4
"ASV90155",4
"ASV90182",3
"ASV90187",1
"ASV90195",2
"ASV90205",5
"ASV90207",3
"ASV90277",2
"ASV90284",2
"ASV90295",1
"ASV90296",5
"ASV90449",3
"ASV90451",4
"ASV90529",1
"ASV90547",1
"ASV90563",3
"ASV90610",4
"ASV90638",4
"ASV90653",2
"ASV90706",4
"ASV90709",5
"ASV90757",1
"ASV90759",3
"ASV90810",3
"ASV90855",3
"ASV90900",2
"ASV91078",2
"ASV91094",4
"ASV91157",2
"ASV91217",5
"ASV91238",3
"ASV91243",3
"ASV91273",3
"ASV91274",4
"ASV91299",11
"ASV91308",2
"ASV91321",2
"ASV91349",3
"ASV91362",2
"ASV91367",5
"ASV91420",4
"ASV91422",1
"ASV91493",1
"ASV91554",2
"ASV91557",2
"ASV91611",3
"ASV91697",5
"ASV91777",1
"ASV91803",2
"ASV91860",2
"ASV91902",3
"ASV91956",1
"ASV91958",3
"ASV92061",3
"ASV92084",5
"ASV92097",2
"ASV92122",2
"ASV92164",1
"ASV92178",2
"ASV92219",5
"ASV92361",4
"ASV92366",1
"ASV92413",1
"ASV92484",4
"ASV92488",5
"ASV92490",3
"ASV92535",2
"ASV92547",4
"ASV92690",2
"ASV92710",2
"ASV92714",1
"ASV92783",3
"ASV92786",1
"ASV92907",1
"ASV92975",1
"ASV93007",1
"ASV93010",3
"ASV93054",2
"ASV93134",3
"ASV93149",5
"ASV93184",5
"ASV93208",2
"ASV93231",2
"ASV93318",3
"ASV93352",5
"ASV93377",4
"ASV93398",1
"ASV93466",3
"ASV93484",4
"ASV93517",1
"ASV93555",3
"ASV93606",1
"ASV93609",3
"ASV93620",3
"ASV93664",1
"ASV93706",2
"ASV93746",2
"ASV93782",2
"ASV93799",5
"ASV93853",5
"ASV93854",5
"ASV93913",9
"ASV93948",4
"ASV94005",3
"ASV94118",5
"ASV94157",3
"ASV94177",5
"ASV94287",5
"ASV94307",5
"ASV94376",2
"ASV94482",5
"ASV94503",4
"ASV94521",1
"ASV94577",3
"ASV94610",1
"ASV94684",5
"ASV94850",1
"ASV94921",1
"ASV94976",3
"ASV95031",4
"ASV95038",11
"ASV95175",2
"ASV95208",1
"ASV95394",3
"ASV95482",2
"ASV95485",3
"ASV95505",3
"ASV95520",2
"ASV95599",1
"ASV95609",3
"ASV95627",4
"ASV95672",3
"ASV95686",5
"ASV95691",2
"ASV95773",1
"ASV95832",3
"ASV95862",2
"ASV95876",2
"ASV95883",2
"ASV95905",2
"ASV95996",2
"ASV95999",4
"ASV96021",4
"ASV96063",2
"ASV96064",5
"ASV96068",1
"ASV96175",2
"ASV96178",9
"ASV96184",2
"ASV96216",5
"ASV96384",2
"ASV96391",4
"ASV96476",1
"ASV96491",5
"ASV96504",4
"ASV96584",4
"ASV96599",5
"ASV96611",3
"ASV96616",3
"ASV96631",4
"ASV96728",2
"ASV96772",1
"ASV96833",1
"ASV97015",1
"ASV97099",4
"ASV97100",1
"ASV97101",5
"ASV97135",1
"ASV97153",1
"ASV97235",5
"ASV97310",2
"ASV97360",3
"ASV97374",1
"ASV97416",2
"ASV97439",4
"ASV97442",1
"ASV97451",2
"ASV97456",3
"ASV97589",1
"ASV97639",5
"ASV97709",5
"ASV97722",4
"ASV97747",1
"ASV97761",3
"ASV97766",3
"ASV97776",2
"ASV97782",2
"ASV97821",3
"ASV97828",4
"ASV97839",2
"ASV97870",9
"ASV97914",3
"ASV97916",2
"ASV97919",1
"ASV98032",4
"ASV98034",2
"ASV98043",1
"ASV98117",3
"ASV98159",2
"ASV98195",3
"ASV98210",2
"ASV98222",4
"ASV98340",1
"ASV98439",3
"ASV98446",1
"ASV98460",1
"ASV98470",4
"ASV98477",1
"ASV98589",3
"ASV98591",2
"ASV98698",4
"ASV98791",1
"ASV98811",1
"ASV98821",2
"ASV98958",3
"ASV98996",2
"ASV99011",4
"ASV99021",3
"ASV99029",3
"ASV99143",4
"ASV99191",5
"ASV99217",2
"ASV99229",2
"ASV99294",5
"ASV99387",1
"ASV99405",1
"ASV99415",2
"ASV99420",3
"ASV99431",3
"ASV99434",3
"ASV99439",1
"ASV99466",1
"ASV99545",3
"ASV99547",3
"ASV99578",3
"ASV99607",2
"ASV99658",4
"ASV99661",1
"ASV99690",3
"ASV99742",2
"ASV99788",2
"ASV99790",2
"ASV99989",3
"ASV1e+05",2
"ASV100013",1
"ASV100047",2
"ASV100073",1
"ASV100103",2
"ASV100144",1
"ASV100190",1
"ASV100279",1
"ASV100417",3
"ASV100421",1
"ASV100429",5
"ASV100473",4
"ASV100532",2
"ASV100541",1
"ASV100553",2
"ASV100605",4
"ASV100623",3
"ASV100625",4
"ASV100639",1
"ASV100653",2
"ASV100670",4
"ASV100701",2
"ASV100714",5
"ASV100837",2
"ASV100946",4
"ASV100966",2
"ASV100979",2
"ASV101014",1
"ASV101024",2
"ASV101047",3
"ASV101274",4
"ASV101330",4
"ASV101381",2
"ASV101382",3
"ASV101386",1
"ASV101394",5
"ASV101395",3
"ASV101402",5
"ASV101409",3
"ASV101527",1
"ASV101547",4
"ASV101580",2
"ASV101595",3
"ASV101628",1
"ASV101633",1
"ASV101681",4
"ASV101701",1
"ASV101733",3
"ASV101821",5
"ASV101835",2
"ASV101843",1
"ASV101847",4
"ASV101871",4
"ASV101923",4
"ASV101961",2
"ASV102048",2
"ASV102050",3
"ASV102056",3
"ASV102121",5
"ASV102135",1
"ASV102238",4
"ASV102289",4
"ASV102290",4
"ASV102293",3
"ASV102305",2
"ASV102309",5
"ASV102398",1
"ASV102473",5
"ASV102476",2
"ASV102576",1
"ASV102578",1
"ASV102586",4
"ASV102678",5
"ASV102680",3
"ASV102703",1
"ASV102760",4
"ASV102778",3
"ASV102797",1
"ASV102813",5
"ASV102857",1
"ASV103047",5
"ASV103092",4
"ASV103141",4
"ASV103224",5
"ASV103277",4
"ASV103337",3
"ASV103385",9
"ASV103387",2
"ASV103424",2
"ASV103469",3
"ASV103470",5
"ASV103487",3
"ASV103543",2
"ASV103553",5
"ASV103565",2
"ASV103644",5
"ASV103683",3
"ASV103695",9
"ASV103716",2
"ASV103776",2
"ASV103807",4
"ASV103823",3
"ASV103832",3
"ASV103864",1
"ASV103871",3
"ASV103901",4
"ASV103907",1
"ASV103964",2
"ASV104064",3
"ASV104089",2
"ASV104101",2
"ASV104105",2
"ASV104160",5
"ASV104177",5
"ASV104198",1
"ASV104202",3
"ASV104251",1
"ASV104346",3
"ASV104347",5
"ASV104396",1
"ASV104428",3
"ASV104450",4
"ASV104492",2
"ASV104540",3
"ASV104602",1
"ASV104624",4
"ASV104683",2
"ASV104700",3
"ASV104745",4
"ASV104806",3
"ASV104857",3
"ASV104890",4
"ASV104897",2
"ASV104906",2
"ASV104927",1
"ASV105030",2
"ASV105051",5
"ASV105101",4
"ASV105109",1
"ASV105131",4
"ASV105146",4
"ASV105228",1
"ASV105266",5
"ASV105384",7
"ASV105439",2
"ASV105480",1
"ASV105514",1
"ASV105520",3
"ASV105534",4
"ASV105539",4
"ASV105576",2
"ASV105599",1
"ASV105675",4
"ASV105740",5
"ASV105762",4
"ASV105845",3
"ASV105882",5
"ASV105919",5
"ASV105939",1
"ASV105969",5
"ASV106043",3
"ASV106168",1
"ASV106189",2
"ASV106202",5
"ASV106278",1
"ASV106452",4
"ASV106453",1
"ASV106488",1
"ASV106502",3
"ASV106536",2
"ASV106607",3
"ASV106626",2
"ASV106636",2
"ASV106659",2
"ASV106713",2
"ASV106873",2
"ASV106881",3
"ASV106902",4
"ASV106907",3
"ASV106920",1
"ASV106923",4
"ASV106929",4
"ASV106983",1
"ASV107021",4
"ASV107025",1
"ASV107104",4
"ASV107106",2
"ASV107180",3
"ASV107250",2
"ASV107265",2
"ASV107283",1
"ASV107351",1
"ASV107406",1
"ASV107464",2
"ASV107523",2
"ASV107531",5
"ASV107547",2
"ASV107605",2
"ASV107696",4
"ASV107770",1
"ASV107845",5
"ASV107958",2
"ASV108170",2
"ASV108175",2
"ASV108301",2
"ASV108346",2
"ASV108440",2
"ASV108567",3
"ASV108642",3
"ASV108653",2
"ASV108664",3
"ASV108693",1
"ASV108753",2
"ASV108979",5
"ASV109011",1
"ASV109017",3
"ASV109133",1
"ASV109143",3
"ASV109173",4
"ASV109187",4
"ASV109214",2
"ASV109302",2
"ASV109335",3
"ASV109343",1
"ASV109344",1
"ASV109378",1
"ASV109504",2
"ASV109586",3
"ASV109615",3
"ASV109664",5
"ASV109710",2
"ASV109712",1
"ASV109959",4
"ASV110026",3
"ASV110043",3
"ASV110056",3
"ASV110283",2
"ASV110464",3
"ASV110674",5
"ASV110681",4
"ASV110763",2
"ASV110780",5
"ASV110897",1
"ASV110919",1
"ASV110955",5
"ASV110976",3
"ASV110993",4
"ASV111079",5
"ASV111166",3
"ASV111202",4
"ASV111268",3
"ASV111301",5
"ASV111337",4
"ASV111390",5
"ASV111411",3
"ASV111439",3
"ASV111618",2
"ASV111663",1
"ASV111695",1
"ASV111756",3
"ASV111830",3
"ASV111875",1
"ASV111894",5
"ASV111900",9
"ASV112064",5
"ASV112075",2
"ASV112087",1
"ASV112135",3
"ASV112165",4
"ASV112181",1
"ASV112233",2
"ASV112272",5
"ASV112288",11
"ASV112404",1
"ASV112408",2
"ASV112520",3
"ASV112536",3
"ASV112564",1
"ASV112645",2
"ASV112670",2
"ASV112693",3
"ASV112698",2
"ASV112753",1
"ASV112842",2
"ASV112893",5
"ASV112895",3
"ASV112973",1
"ASV113018",3
"ASV113077",3
"ASV113204",4
"ASV113230",2
"ASV113234",2
"ASV113267",5
"ASV113378",2
"ASV113408",5
"ASV113481",2
"ASV113556",1
"ASV113560",1
"ASV113579",4
"ASV113707",5
"ASV113891",2
"ASV113907",4
"ASV113971",2
"ASV114030",4
"ASV114063",2
"ASV114080",4
"ASV114141",1
"ASV114155",9
"ASV114163",3
"ASV114305",1
"ASV114336",3
"ASV114343",4
"ASV114346",1
"ASV114395",2
"ASV114397",3
"ASV114430",3
"ASV114548",5
"ASV114642",1
"ASV114877",4
"ASV114975",5
"ASV115035",1
"ASV115049",2
"ASV115093",3
"ASV115110",1
"ASV115151",2
"ASV115165",1
"ASV115190",3
"ASV115298",2
"ASV115330",1
"ASV115386",2
"ASV115398",5
"ASV115402",4
"ASV115419",2
"ASV115516",5
"ASV115561",1
"ASV115577",1
"ASV115626",3
"ASV115671",1
"ASV115713",2
"ASV115744",5
"ASV115985",1
"ASV116013",9
"ASV116037",5
"ASV116126",4
"ASV116149",2
"ASV116215",1
"ASV116277",3
"ASV116295",3
"ASV116346",5
"ASV116392",1
"ASV116466",5
"ASV116512",3
"ASV116606",1
"ASV116645",1
"ASV116668",5
"ASV116678",1
"ASV116713",3
"ASV116772",2
"ASV116793",3
"ASV116796",3
"ASV116879",5
"ASV116882",5
"ASV116884",1
"ASV116967",3
"ASV117124",5
"ASV117160",2
"ASV117206",2
"ASV117263",2
"ASV117344",1
"ASV117395",3
"ASV117437",1
"ASV117449",4
"ASV117496",3
"ASV117569",3
"ASV117579",3
"ASV117601",4
"ASV117656",2
"ASV117659",4
"ASV117704",3
"ASV117796",2
"ASV117798",4
"ASV117839",1
"ASV117840",3
"ASV118039",3
"ASV118051",7
"ASV118123",2
"ASV118144",1
"ASV118189",5
"ASV118201",2
"ASV118368",5
"ASV118405",3
"ASV118413",1
"ASV118440",3
"ASV118490",5
"ASV118492",5
"ASV118496",4
"ASV118607",3
"ASV118699",2
"ASV118705",4
"ASV118740",3
"ASV118788",2
"ASV118867",2
"ASV118879",1
"ASV118937",2
"ASV118968",2
"ASV119046",3
"ASV119135",1
"ASV119202",2
"ASV119244",1
"ASV119256",3
"ASV119271",1
"ASV119272",1
"ASV119339",4
"ASV119421",1
"ASV119499",2
"ASV119538",3
"ASV119553",1
"ASV119651",2
"ASV119656",9
"ASV119776",2
"ASV119840",1
"ASV119873",3
"ASV119994",4
"ASV120003",4
"ASV120031",1
"ASV120122",1
"ASV120124",2
"ASV120164",1
"ASV120178",3
"ASV120203",3
"ASV120209",1
"ASV120316",9
"ASV120346",1
"ASV120381",1
"ASV120435",5
"ASV120444",1
"ASV120461",3
"ASV120470",3
"ASV120536",2
"ASV120543",3
"ASV120603",1
"ASV120677",1
"ASV120760",9
"ASV120773",3
"ASV120798",1
"ASV120804",4
"ASV120807",2
"ASV120814",2
"ASV120910",1
"ASV120919",1
"ASV121048",2
"ASV121070",3
"ASV121090",3
"ASV121119",2
"ASV121146",2
"ASV121164",1
"ASV121315",3
"ASV121467",5
"ASV121483",5
"ASV121488",2
"ASV121526",2
"ASV121644",2
"ASV121730",3
"ASV121746",2
"ASV121775",1
"ASV121803",5
"ASV121821",2
"ASV121903",5
"ASV121942",1
"ASV122045",1
"ASV122190",2
"ASV122240",4
"ASV122272",4
"ASV122292",1
"ASV122517",3
"ASV122573",2
"ASV122632",5
"ASV122641",2
"ASV122795",1
"ASV122910",1
"ASV122914",2
"ASV122936",4
"ASV122952",4
"ASV123063",2
"ASV123084",1
"ASV123093",3
"ASV123255",5
"ASV123261",2
"ASV123305",1
"ASV123333",5
"ASV123337",3
"ASV123365",3
"ASV123405",2
"ASV123450",1
"ASV123454",2
"ASV123456",1
"ASV123497",5
"ASV123554",2
"ASV123620",2
"ASV123756",4
"ASV123769",3
"ASV123906",2
"ASV123933",4
"ASV123939",1
"ASV123942",3
"ASV123951",1
"ASV124006",4
"ASV124012",5
"ASV124015",2
"ASV124037",3
"ASV124041",2
"ASV124093",1
"ASV124182",4
"ASV124184",8
"ASV124201",2
"ASV124223",3
"ASV124242",1
"ASV124261",2
"ASV124287",2
"ASV124296",4
"ASV124336",4
"ASV124373",5
"ASV124444",5
"ASV124476",5
"ASV124513",4
"ASV124541",3
"ASV124548",2
"ASV124598",1
"ASV124629",1
"ASV124709",1
"ASV124713",1
"ASV124715",3
"ASV124732",2
"ASV124744",3
"ASV124772",3
"ASV124797",3
"ASV124803",1
"ASV124804",2
"ASV124809",2
"ASV124831",4
"ASV124833",4
"ASV124883",1
"ASV124925",1
"ASV124967",2
"ASV125071",3
"ASV125082",5
"ASV125104",2
"ASV125128",2
"ASV125220",3
"ASV125442",5
"ASV125477",5
"ASV125579",1
"ASV125596",3
"ASV125611",2
"ASV125639",3
"ASV125809",4
"ASV125841",1
"ASV125885",3
"ASV125920",2
"ASV126010",1
"ASV126068",1
"ASV126096",2
"ASV126515",3
"ASV126606",3
"ASV126724",2
"ASV126998",1
"ASV127019",2
"ASV127036",1
"ASV127121",1
"ASV127162",2
"ASV127360",2
"ASV127566",2
"ASV127692",3
"ASV127738",3
"ASV127781",2
"ASV127880",2
"ASV127982",3
"ASV128137",3
"ASV128144",1
"ASV128167",2
"ASV128323",3
"ASV128355",1
"ASV128364",5
"ASV128438",5
"ASV128486",1
"ASV128566",1
"ASV128668",5
"ASV128749",3
"ASV128831",2
"ASV129012",1
"ASV129084",4
"ASV129524",5
"ASV129657",1
"ASV129703",5
"ASV129719",2
"ASV129800",5
"ASV129919",2
"ASV129962",2
"ASV129974",5
"ASV130057",3
"ASV130142",2
"ASV130207",2
"ASV130210",2
"ASV130229",2
"ASV130261",4
"ASV130715",2
"ASV130782",2
"ASV130824",1
"ASV130865",4
"ASV130873",4
"ASV130955",1
"ASV130979",1
"ASV130984",5
"ASV131077",2
"ASV131169",2
"ASV131186",2
"ASV131203",3
"ASV131298",2
"ASV131332",2
"ASV131502",2
"ASV131506",2
"ASV131574",5
"ASV131666",4
"ASV131821",2
"ASV131833",2
"ASV131862",2
"ASV131945",1
"ASV131977",5
"ASV132020",2
"ASV132130",2
"ASV132200",2
"ASV132203",5
"ASV132433",5
"ASV132663",2
"ASV132935",4
"ASV133008",2
"ASV133099",1
"ASV133423",1
"ASV133492",5
"ASV133540",2
"ASV133611",2
"ASV133641",1
"ASV133824",3
"ASV133868",2
"ASV134114",5
"ASV134403",2
"ASV134500",2
"ASV134574",2
"ASV134719",5
"ASV134732",5
"ASV134783",2
"ASV134865",5
"ASV135428",5
"ASV135471",1
"ASV136301",5
"ASV136469",1
"ASV136652",3
"ASV137129",2
"ASV137177",2
"ASV1053",9
"ASV1963",9
"ASV2836",9
"ASV3155",9
"ASV3410",9
"ASV135489",1
"ASV133805",5
"ASV121193",3
"ASV135619",1
"ASV135998",1
"ASV137373",4
"ASV123976",4
"ASV133639",2
"ASV122672",4
"ASV126316",3
"ASV132888",2
"ASV136297",1
"ASV124900",4
"ASV117541",6
"ASV112858",4
"ASV125117",2
"ASV114778",3
"ASV134048",3
"ASV135628",2
"ASV117118",5
"ASV136092",5
"ASV136140",1
"ASV136803",5
"ASV135838",2
"ASV125364",4
"ASV134176",1
"ASV136753",2
"ASV128485",1
"ASV135863",4
"ASV121109",1
"ASV128541",1
"ASV120542",1
"ASV122109",4
"ASV134930",1
"ASV136492",1
"ASV129875",4
"ASV136778",5
"ASV85726",8
"ASV133064",2
"ASV118002",3
"ASV125398",4
"ASV128274",4
"ASV136844",1
"ASV135983",2
"ASV130592",2
"ASV133912",1
"ASV132715",3
"ASV127465",5
"ASV135212",4
"ASV125835",3
"ASV132948",1
"ASV134696",5
"ASV119504",2
"ASV135953",3
"ASV137162",2
"ASV126911",1
"ASV120939",3
"ASV134715",3
"ASV128809",4
"ASV126879",2
"ASV134134",2
"ASV121154",3
"ASV129439",4
"ASV136499",2
"ASV126716",3
"ASV128409",3
"ASV137299",2
"ASV105593",1
"ASV134886",2
"ASV123171",2
"ASV129774",2
"ASV130686",5
"ASV127449",3
"ASV135948",3
"ASV135456",5
"ASV130967",4
"ASV133710",4
"ASV135501",1
"ASV137020",5
"ASV132543",4
"ASV135284",4
"ASV127292",2
"ASV132093",1
"ASV136397",1
"ASV4534",9
"ASV136646",1
"ASV129303",3
"ASV135951",1
"ASV137163",3
"ASV127710",5
"ASV110578",4
"ASV135115",2
"ASV135257",4
"ASV118641",10
"ASV115735",5
"ASV135580",2
"ASV136083",1
"ASV133125",2
"ASV136845",5
"ASV103205",3
"ASV132960",2
"ASV85194",3
"ASV131698",5
"ASV109183",10
"ASV137121",5
"ASV136483",2
"ASV122921",3
"ASV134189",1
"ASV132347",2
"ASV128151",2
"ASV131797",2
"ASV133326",2
"ASV135996",2
"ASV128430",2
"ASV136816",5
"ASV131762",3
"ASV121610",3
"ASV122267",3
"ASV132572",1
"ASV118432",1
"ASV5067",9
"ASV127105",1
"ASV127680",4
"ASV124630",1
"ASV119137",3
"ASV121786",3
"ASV136046",4
"ASV113812",1
"ASV136305",5
"ASV134036",1
"ASV66848",8
"ASV132806",1
"ASV118249",4
"ASV132867",4
"ASV136709",4
"ASV135981",2
"ASV131927",4
"ASV128551",1
"ASV133475",2
"ASV126269",3
"ASV134633",2
"ASV136586",3
"ASV126059",3
"ASV122691",3
"ASV135606",5
"ASV135451",7
"ASV127711",3
"ASV130574",1
"ASV129349",3
"ASV117644",1
"ASV116475",3
"ASV74952",6
"ASV128875",3
"ASV132710",5
"ASV133602",3
"ASV119642",3
"ASV120633",3
"ASV103453",3
"ASV133666",2
"ASV134252",2
"ASV130134",4
"ASV132950",3
"ASV135531",5
"ASV127644",3
"ASV128545",5
"ASV134493",1
"ASV71751",10
"ASV86417",10
"ASV133178",2
"ASV129623",3
"ASV134473",5
"ASV135461",1
"ASV125731",4
"ASV42202",3
"ASV118611",4
"ASV125880",3
"ASV128045",5
"ASV126022",3
"ASV110939",11
"ASV131523",1
"ASV124320",3
"ASV124099",9
"ASV135985",1
"ASV132450",6
"ASV105862",7
"ASV130766",2
"ASV129232",3
"ASV88761",4
"ASV99444",3
"ASV129014",3
"ASV111536",10
"ASV128506",2
"ASV113402",5
"ASV134662",11
"ASV125169",3
"ASV6851",9
"ASV8044",9
"ASV10075",9
"ASV11898",9
"ASV12565",9
"ASV14203",9
"ASV16338",9
"ASV17593",9
"ASV19901",9
"ASV21287",9
"ASV21518",9
"ASV24445",9
"ASV28863",9
"ASV29769",9
"ASV32209",9
"ASV33590",9
"ASV33642",9
"ASV34404",9
"ASV34863",9
"ASV36793",9
"ASV37048",9
"ASV37624",9
"ASV42076",9
"ASV42128",9
"ASV48626",9
"ASV51303",9
"ASV52199",9
"ASV53009",9
"ASV54043",9
"ASV58825",9
"ASV59438",9
"ASV61428",9
"ASV62592",9
"ASV66929",9
"ASV68526",9
"ASV68835",9
"ASV69872",9
"ASV71525",9
"ASV72516",9
"ASV74039",9
"ASV74423",9
"ASV78821",9
"ASV81845",9
"ASV86215",9
"ASV86814",9
"ASV88132",9
"ASV89325",9
"ASV89849",9
"ASV90222",9
"ASV92561",9
"ASV92977",9
"ASV102160",9
"ASV102699",9
"ASV104922",9
"ASV104984",9
"ASV106766",9
"ASV108418",9
"ASV112363",9
"ASV113535",9
"ASV115692",9
"ASV122326",9
"ASV122446",9
"ASV125595",9
"ASV125826",9
"ASV127378",9
"ASV130121",9
"ASV133011",9
"ASV135177",9
"ASV102482",11
"ASV8773",9
"ASV8918",9
"ASV9214",9
"ASV9231",9
"ASV9928",9
"ASV14615",9
"ASV15059",9
"ASV18676",9
"ASV22025",9
"ASV23823",9
"ASV25537",9
"ASV25923",9
"ASV27316",9
"ASV27799",9
"ASV29207",9
"ASV30455",9
"ASV32888",9
"ASV35635",9
"ASV37229",9
"ASV40036",9
"ASV48265",9
"ASV48406",9
"ASV50346",9
"ASV50762",9
"ASV52060",9
"ASV55754",9
"ASV56037",9
"ASV57068",9
"ASV58288",9
"ASV69936",9
"ASV71233",9
"ASV71288",9
"ASV71317",9
"ASV73318",9
"ASV73640",9
"ASV77788",9
"ASV78566",9
"ASV78896",9
"ASV79891",9
"ASV90175",9
"ASV92063",9
"ASV92943",9
"ASV94176",9
"ASV95970",9
"ASV97017",9
"ASV98432",9
"ASV100305",9
"ASV102258",9
"ASV102401",9
"ASV103875",9
"ASV105492",9
"ASV108083",9
"ASV111163",9
"ASV112423",9
"ASV113383",9
"ASV113798",9
"ASV114945",9
"ASV116701",9
"ASV117197",9
"ASV123556",9
"ASV123725",9
"ASV126297",9
"ASV127854",9
"ASV129203",9
"ASV130106",9
"ASV133148",9
"ASV135354",9
